Time,temple_left_X,temple_left_Y,temple_left_Z,spine_front_left_X,spine_front_left_Y,spine_front_left_Z,spine_mid_left_X,spine_mid_left_Y,spine_mid_left_Z,spine_back_left_X,spine_back_left_Y,spine_back_left_Z,left_shoulder_X,left_shoulder_Y,left_shoulder_Z,left_elbow_X,left_elbow_Y,left_elbow_Z,left_wrist_X,left_wrist_Y,left_wrist_Z,left_hand_X,left_hand_Y,left_hand_Z,left_hip_X,left_hip_Y,left_hip_Z,left_knee_X,left_knee_Y,left_knee_Z,left_ankle_bone_X,left_ankle_bone_Y,left_ankle_bone_Z,left_foot_X,left_foot_Y,left_foot_Z,tail_1_left_X,tail_1_left_Y,tail_1_left_Z,tail_2_left_X,tail_2_left_Y,tail_2_left_Z,temple_right_X,temple_right_Y,temple_right_Z,spine_front_right_X,spine_front_right_Y,spine_front_right_Z,spine_mid_right_X,spine_mid_right_Y,spine_mid_right_Z,spine_back_right_X,spine_back_right_Y,spine_back_right_Z,right_shoulder_X,right_shoulder_Y,right_shoulder_Z,right_elbow_X,right_elbow_Y,right_elbow_Z,right_wrist_X,right_wrist_Y,right_wrist_Z,right_hand_X,right_hand_Y,right_hand_Z,right_hip_X,right_hip_Y,right_hip_Z,right_knee_X,right_knee_Y,right_knee_Z,right_ankle_bone_X,right_ankle_bone_Y,right_ankle_bone_Z,right_foot_X,right_foot_Y,right_foot_Z,tail_1_right_X,tail_1_right_Y,tail_1_right_Z,tail_2_right_X,tail_2_right_Y,tail_2_right_Z,object_1_X,object_1_Y,object_1_Z,object_2_X,object_2_Y,object_2_Z,midtempleX,midtempleY,midtempleZ,midspinefrontX,midspinefrontY,midspinefrontZ,midspinemidX,midspinemidY,midspinemidZ,midspinebackX,midspinebackY,midspinebackZ,midtail1X,midtail1Y,midtail1Z,midtail2X,midtail2Y,midtail2Z,head_obj1_dist,spinefront_obj1_dist,lefthand_obj1_dist,righthand_obj1_dist
2.525,1.20377851,0.69401163,1.11131728,0.9209637,0.65772176,1.0731324,0.76140589,0.61360466,1.08834791,0.53787571,0.56524515,1.13636065,1.01755297,0.6964317,0.97273779,0.96641606,0.6816442,0.81998426,1.12402236,0.68143201,0.65184104,1.18626034,0.68216419,0.55559802,0.39769572,0.58270109,1.05196667,0.46518186,0.59286124,0.89846605,0.2330001,0.53955269,0.93397552,0.18214174,0.54178703,0.79725993,0.36360106,0.50894588,1.13748896,0.30498841,0.51852393,1.09124172,1.22132635,0.56465203,1.1364727,0.9444657,0.4841288,1.11091089,0.78946674,0.45366365,1.10290432,0.55007535,0.41129753,1.14354098,1.0440346,0.49100763,1.00401437,0.96974623,0.45804814,0.84766018,1.12865317,0.53662026,0.68519413,1.17185199,0.55226517,0.59672219,0.43378958,0.38371462,1.088606,0.49706841,0.39202651,0.92315441,0.26702389,0.41295695,0.9844414,0.23516172,0.43617994,0.84620512,0.35893041,0.42027554,1.14374137,0.27681926,0.44845995,1.11271584,-0.01968743,0.41693541,0.69321442,0.00746065,0.51689309,-0.19949621,1.21255243,0.62933183,1.12389499,0.9327147,0.57092528,1.092021645,0.775436315,0.533634155,1.095626115,0.54397553,0.48827134,1.139950815,0.361265735,0.46461071,1.140615165,0.290903835,0.48349194,1.10197878,1.32250257662402,1.04394918458867,1.24241482736533,1.20307567667457
2.533333,1.24147165,0.70003837,1.09625626,0.95902979,0.65965545,1.06211495,0.79887336,0.61453074,1.08129776,0.57477218,0.5704183,1.13280416,1.05257595,0.69855392,0.96141678,1.00431168,0.68536735,0.80768174,1.16312027,0.68576109,0.63947588,1.22572088,0.68891668,0.5431543,0.43099409,0.58527881,1.04901528,0.49321371,0.5962413,0.89475685,0.25859225,0.54764241,0.93299085,0.20484109,0.54809207,0.79725647,0.3989532,0.51614296,1.13689256,0.3378523,0.51719522,1.09487128,1.25935864,0.5723111,1.12084544,0.98152703,0.49035779,1.09949839,0.82608831,0.45997527,1.09469426,0.58763748,0.41865224,1.14031088,1.08023465,0.49780437,0.99129593,1.00797665,0.47126958,0.83188003,1.16715002,0.54565376,0.6717037,1.21425962,0.56153905,0.58407092,0.47064155,0.39108801,1.08466887,0.52684361,0.40116167,0.91906667,0.2962828,0.41767433,0.98260081,0.25899664,0.43914151,0.84600973,0.39642105,0.42787591,1.14427507,0.31205708,0.45609289,1.11699235,-0.01968743,0.41693541,0.69321442,0.00746065,0.51689309,-0.19949621,1.250415145,0.636174735,1.10855085,0.97027841,0.57500662,1.08080667,0.812480835,0.537253005,1.08799601,0.58120483,0.49453527,1.13655752,0.397687125,0.472009435,1.140583815,0.32495469,0.486644055,1.105931815,1.35415316073671,1.07482399678172,1.28356289657433,1.24717594528487
2.541667,1.2793107,0.70808542,1.07971418,0.99662429,0.66363484,1.04970801,0.83661449,0.61785376,1.07302165,0.6120804,0.57675987,1.12762082,1.08835769,0.70255136,0.94862211,1.04261005,0.68990386,0.79458451,1.20166898,0.69291848,0.6267544,1.26560569,0.70377886,0.53070736,0.46444628,0.58993644,1.04556859,0.52309757,0.59761006,0.89039671,0.28520736,0.55353129,0.93056333,0.23020817,0.55733573,0.79593801,0.43554288,0.52061456,1.13543487,0.37134171,0.52147001,1.09894574,1.29764175,0.57999027,1.10387194,1.01771021,0.49815539,1.08715594,0.86275607,0.46592727,1.08497071,0.62208617,0.42875099,1.13596308,1.11706161,0.50470501,0.97758007,1.04931796,0.4931916,0.81123585,1.20659292,0.55474478,0.65763235,1.25615537,0.57091802,0.57078725,0.50775766,0.38997936,1.07933319,0.55802721,0.40716791,0.91454548,0.32558659,0.42139784,0.97810894,0.28326973,0.44011375,0.84380835,0.43642572,0.43924257,1.14390337,0.35092008,0.45753512,1.12033331,-0.01968743,0.41693541,0.69321442,0.00746065,0.51689309,-0.19949621,1.288476225,0.644037845,1.09179306,1.00716725,0.580895115,1.068431975,0.84968528,0.541890515,1.07899618,0.617083285,0.50275543,1.13179195,0.4359843,0.479928565,1.13966912,0.361130895,0.489502565,1.109639525,1.38626570198867,1.10548701135824,1.32690094343062,1.29091979086559
2.55,1.31550252,0.71448404,1.06300652,1.03287411,0.67530423,1.03682852,0.87345564,0.62636775,1.06246507,0.64895117,0.58827174,1.12121916,1.12410116,0.7067073,0.93518806,1.07925475,0.69768333,0.78091669,1.23863375,0.70265597,0.61391211,1.3031044,0.70406735,0.51794696,0.49776158,0.59404629,1.04189968,0.55277079,0.60028708,0.88568455,0.31181702,0.5598563,0.9264695,0.25584823,0.56482685,0.7919277,0.47389567,0.51934636,1.13394594,0.40679148,0.52515161,1.10222924,1.33596158,0.58738256,1.08585513,1.05452728,0.50557375,1.07361877,0.89925945,0.47335282,1.07408845,0.65980566,0.43428752,1.1304245,1.15437496,0.51150835,0.96272069,1.0915395,0.50618154,0.79276681,1.24711215,0.56405437,0.64280492,1.29714417,0.57813585,0.55665839,0.54539907,0.39428139,1.07457161,0.58974898,0.41575655,0.90912652,0.35506606,0.42675015,0.97278541,0.30897608,0.44342068,0.8391431,0.47548622,0.45019287,1.14206684,0.38956866,0.4631595,1.12315726,-0.01968743,0.41693541,0.69321442,0.00746065,0.51689309,-0.19949621,1.32573205,0.6509333,1.074430825,1.043700695,0.59043899,1.055223645,0.886357545,0.549860285,1.06827676,0.654378415,0.51127963,1.12582183,0.474690945,0.484769615,1.13800639,0.39818007,0.494155555,1.11269325,1.41782740033089,1.13663911407664,1.36489620814836,1.3336710966142
2.558333,1.3513304,0.72074348,1.04532444,1.06860745,0.68336189,1.0227437,0.90972716,0.63635707,1.05061674,0.68633777,0.59924716,1.11337554,1.16061389,0.71265703,0.92061162,1.11640513,0.70306396,0.76645988,1.27530682,0.71230638,0.60066891,1.34100449,0.71264076,0.50433767,0.53154904,0.60256475,1.0380075,0.58411485,0.6009078,0.88037306,0.33897704,0.56514466,0.92086703,0.28245112,0.57128757,0.78665829,0.51369846,0.52514797,1.13121331,0.44206843,0.52822787,1.10479498,1.37334979,0.59458941,1.06721783,1.09196699,0.51235509,1.05880177,0.93627137,0.48063371,1.06164289,0.69736254,0.44001251,1.12325931,1.19130111,0.51921493,0.94686127,1.13184428,0.51810962,0.77492285,1.28799081,0.57266748,0.62767601,1.33813,0.58753961,0.54175371,0.58248049,0.40469921,1.07022607,0.62218511,0.42387658,0.90280139,0.38513017,0.43176675,0.96653265,0.33644643,0.4471651,0.83274209,0.51561612,0.45853588,1.13926268,0.42802206,0.4662419,1.12512016,-0.01968743,0.41693541,0.69321442,0.00746065,0.51689309,-0.19949621,1.362340095,0.657666445,1.056271135,1.08028722,0.59785849,1.040772735,0.922999265,0.55849539,1.056129815,0.691850155,0.519629835,1.118317425,0.51465729,0.491841925,1.135237995,0.435045245,0.497234885,1.11495757,1.44905544730917,1.16767896865746,1.40520410683376,1.3768494154929
2.566667,1.38718843,0.7254889,1.02681124,1.10476685,0.69528413,1.00728011,0.94589859,0.64599615,1.03706968,0.72317111,0.60716754,1.10532534,1.19769621,0.71924371,0.90480983,1.15280199,0.70944828,0.75135356,1.31176531,0.72102278,0.58677435,1.3777523,0.71497715,0.48864603,0.56565988,0.60893154,1.03376544,0.61355144,0.60530764,0.87512714,0.36698934,0.56863922,0.91399574,0.30978864,0.57573432,0.78003156,0.55000794,0.53426039,1.12742078,0.47870624,0.53296173,1.10672104,1.41073239,0.60158241,1.0475024,1.1296922,0.51846993,1.04292989,0.97311735,0.48879665,1.04795599,0.73557991,0.44644371,1.11494029,1.22834086,0.52612442,0.93029004,1.16937292,0.51995385,0.76147914,1.32885015,0.58097076,0.61205506,1.37771678,0.59485406,0.52693141,0.61970901,0.41492671,1.0654521,0.65461546,0.43176994,0.89577579,0.41584241,0.43550417,0.95952487,0.36662623,0.44890797,0.82439142,0.55425793,0.46609411,1.13538432,0.46789786,0.46910474,1.1268307,-0.01968743,0.41693541,0.69321442,0.00746065,0.51689309,-0.19949621,1.39896041,0.663535655,1.03715682,1.117229525,0.60687703,1.025105,0.95950797,0.5673964,1.042512835,0.72937551,0.526805625,1.110132815,0.552132935,0.50017725,1.13140255,0.47330205,0.501033235,1.11677587,1.4804289072051,1.19950378851733,1.44343856951098,1.41846523100082
2.575,1.42333055,0.73231715,1.00711262,1.1390202,0.69989085,0.9915902,0.98133844,0.65220714,1.02345192,0.75875652,0.61081785,1.09660709,1.2343148,0.7270295,0.88810414,1.18944168,0.71534711,0.73534763,1.35063314,0.72809577,0.57096791,1.41517663,0.72424966,0.47193474,0.59988964,0.61503512,1.02911174,0.64298558,0.61078405,0.86950177,0.39615148,0.57092601,0.90585035,0.33811301,0.58032936,0.77222461,0.58634418,0.5462603,1.12273788,0.51509106,0.53568482,1.10666323,1.44802034,0.60852367,1.02707267,1.16610253,0.52607411,1.02619016,1.00990772,0.49588996,1.03296387,0.77382755,0.45357576,1.10558438,1.2657907,0.53271043,0.91265291,1.20782256,0.52484924,0.74445498,1.36853945,0.59081042,0.59610671,1.41747773,0.60216057,0.5111022,0.65722585,0.424261,1.05957901,0.68738091,0.4382295,0.8883279,0.44680044,0.43967134,0.94986117,0.3981331,0.44872645,0.81536454,0.59341919,0.46998993,1.13142705,0.50816023,0.46800664,1.12640345,-0.01968743,0.41693541,0.69321442,0.00746065,0.51689309,-0.19949621,1.435675445,0.67042041,1.017092645,1.152561365,0.61298248,1.00889018,0.99562308,0.57404855,1.028207895,0.766292035,0.532196805,1.101095735,0.589881685,0.508125115,1.127082465,0.511625645,0.50184573,1.11653334,1.51236002584782,1.22973691352505,1.48399515353442,1.46045092957216
2.583333,1.459934,0.73904389,0.98662472,1.17576718,0.70680791,0.97443533,1.01691103,0.65639275,1.00905013,0.79382426,0.61039007,1.08782232,1.27081037,0.73402113,0.87019807,1.22563398,0.72364414,0.71813309,1.3889029,0.73628938,0.55372363,1.45260119,0.73406261,0.45497587,0.63496643,0.61850542,1.02408421,0.67241651,0.61756641,0.86344117,0.4247413,0.57452583,0.89712816,0.3671653,0.58459944,0.76269537,0.6235382,0.54950947,1.11786902,0.55226898,0.53636456,1.1061641,1.48564255,0.6156711,1.00542927,1.2027595,0.5333342,1.00822556,1.04667103,0.50372249,1.01664734,0.81318671,0.46072525,1.09480524,1.30357218,0.53894788,0.89399976,1.24666393,0.53344733,0.72738856,1.40932703,0.60030675,0.57889485,1.4589057,0.61070323,0.49372113,0.69451857,0.42778552,1.05240548,0.72093648,0.44363043,0.87999582,0.4779526,0.44436592,0.93837124,0.4308154,0.44989464,0.80447364,0.63282329,0.47424799,1.12605953,0.5490123,0.46960631,1.12491393,-0.01968743,0.41693541,0.69321442,0.00746065,0.51689309,-0.19949621,1.472788275,0.677357495,0.996026995,1.18926334,0.620071055,0.991330445,1.03179103,0.58005762,1.012848735,0.803505485,0.53555766,1.09131378,0.628180745,0.51187873,1.121964275,0.55064064,0.502985435,1.115539015,1.54499153652993,1.26162562549869,1.52478229536791,1.50452025074632
2.591667,1.4963522,0.74510616,0.96545613,1.20957232,0.71144187,0.95763355,1.05209458,0.65924168,0.99332315,0.83065408,0.6182636,1.07682204,1.30674148,0.74053711,0.85165817,1.26120579,0.73330927,0.70009279,1.42822754,0.7430504,0.53457546,1.49053729,0.74457246,0.43715492,0.67017496,0.62329537,1.01845241,0.70250571,0.624219,0.85677195,0.45603386,0.57552588,0.8869583,0.39754489,0.58831513,0.75215828,0.66273433,0.55199766,1.11085141,0.59025884,0.53830153,1.10371709,1.52255499,0.62356627,0.98324382,1.23988795,0.54068649,0.98871207,1.08361018,0.51168591,0.99917006,0.85136801,0.46907011,1.08309293,1.34041405,0.54650176,0.87453139,1.28533137,0.54031795,0.70918566,1.45148575,0.6093744,0.560224,1.50154102,0.62132317,0.47441122,0.73289859,0.43292159,1.04383385,0.75485957,0.4489367,0.87033242,0.50994521,0.45005751,0.92606741,0.46588635,0.45212623,0.79232603,0.67333746,0.47672585,1.11954999,0.59047282,0.47135955,1.12225175,-0.01968743,0.41693541,0.69321442,0.00746065,0.51689309,-0.19949621,1.509453595,0.684336215,0.974349975,1.224730135,0.62606418,0.97317281,1.06785238,0.585463795,0.996246605,0.841011045,0.543666855,1.079957485,0.668035895,0.514361755,1.1152007,0.59036583,0.50483054,1.11298442,1.57759711749796,1.29255043176413,1.5664262539207,1.55041452323482
2.6,1.53222156,0.75216526,0.94299227,1.24625957,0.71960068,0.93776131,1.08902001,0.66749531,0.9755128,0.86871654,0.63039744,1.06418991,1.34283257,0.74814504,0.83137429,1.29770672,0.74220425,0.68008882,1.46584523,0.75001347,0.51430005,1.52940249,0.75300652,0.41706574,0.70658898,0.63284254,1.01185215,0.73335761,0.63349265,0.84967721,0.4868609,0.57910967,0.8758105,0.42842165,0.59243089,0.74131852,0.70348758,0.5552749,1.1035701,0.62768936,0.53925854,1.10109496,1.5592773,0.63079411,0.96013218,1.27747858,0.54689884,0.96776366,1.12099516,0.5195865,0.98019636,0.89078635,0.47713763,1.06984091,1.37796676,0.5533368,0.85389674,1.32453001,0.54822737,0.69003654,1.49477983,0.61651236,0.54006499,1.54395723,0.63405544,0.45403603,0.77108037,0.43842441,1.0340749,0.7895813,0.45309865,0.8600598,0.54301083,0.4541454,0.91390789,0.49995035,0.4548929,0.77943683,0.71471018,0.48166656,1.11197472,0.63324827,0.473829,1.12017953,-0.01968743,0.41693541,0.69321442,0.00746065,0.51689309,-0.19949621,1.54574943,0.691479685,0.951562225,1.261869075,0.63324976,0.952762485,1.105007585,0.593540905,0.97785458,0.879751445,0.553767535,1.06701541,0.70909888,0.51847073,1.10777241,0.630468815,0.50654377,1.110637245,1.61018965029907,1.32534681180776,1.60900014440272,1.59666277980565
2.608333,1.56744289,0.7589286,0.91969329,1.28347242,0.72619534,0.91622919,1.12774885,0.6809172,0.95416117,0.90791881,0.6479364,1.04977643,1.37851143,0.75508189,0.81042659,1.33409548,0.74995387,0.65885872,1.50356913,0.75533807,0.49301553,1.5669564,0.75873142,0.39477885,0.74235362,0.64057994,1.00460088,0.76471883,0.64370513,0.84215361,0.52029955,0.58036059,0.86364275,0.46217811,0.59323531,0.72984707,0.74233341,0.55967003,1.09492528,0.66530263,0.5449239,1.09749174,1.59564006,0.63763338,0.93636537,1.31469119,0.55379522,0.94551587,1.15849447,0.52742583,0.96007216,0.92910904,0.48535538,1.05583727,1.41557837,0.56011069,0.83207482,1.36419165,0.55635792,0.66661149,1.53671002,0.62449098,0.51893276,1.58551538,0.64356101,0.43260789,0.80993348,0.44362068,1.02309096,0.82462597,0.4571918,0.848966,0.57715762,0.45890403,0.90045816,0.53449035,0.45757276,0.76595765,0.7559098,0.48638859,1.1020999,0.67760313,0.47290146,1.11546099,-0.01968743,0.41693541,0.69321442,0.00746065,0.51689309,-0.19949621,1.581541475,0.69828099,0.92802933,1.299081805,0.63999528,0.93087253,1.14312166,0.604171515,0.957116665,0.918513925,0.56664589,1.05280685,0.749121605,0.52302931,1.09851259,0.67145288,0.50891268,1.106476365,1.64262819394754,1.3584510951947,1.6502505704196,1.64193513492035
2.616667,1.60191047,0.76657975,0.89585948,1.32245517,0.73247272,0.89251137,1.16637039,0.6946528,0.93263108,0.94541395,0.65809786,1.03576601,1.41450512,0.7617231,0.78785992,1.37152696,0.75528413,0.63601583,1.53960097,0.76136041,0.47042286,1.60523748,0.76590341,0.37027854,0.77830082,0.64724052,0.99649072,0.796534,0.65466708,0.83399177,0.55069435,0.58713102,0.85256058,0.49505621,0.59701169,0.71811444,0.78024483,0.56658089,1.08648145,0.70254666,0.54687071,1.0939672,1.63156939,0.64407015,0.91208476,1.35161614,0.56046271,0.92215335,1.19535911,0.53513324,0.93898261,0.96851951,0.49230102,1.04055357,1.45386577,0.56653279,0.80884856,1.40461195,0.56535363,0.64111406,1.57808971,0.63299686,0.49674052,1.6290282,0.65222663,0.40854001,0.84823453,0.44938606,1.01129758,0.86011487,0.46018866,0.83762819,0.61228335,0.46529618,0.88645047,0.56761169,0.46142501,0.75211,0.79664755,0.49119601,1.09081161,0.72170025,0.47522131,1.10989547,-0.01968743,0.41693541,0.69321442,0.00746065,0.51689309,-0.19949621,1.61673993,0.70532495,0.90397212,1.337035655,0.646467715,0.90733236,1.18086475,0.61489302,0.935806845,0.95696673,0.57519944,1.03815979,0.78844619,0.52888845,1.08864653,0.712123455,0.51104601,1.101931335,1.67495726496149,1.39256206347881,1.6930585373087,1.6895753035968
2.625,1.63690734,0.77151817,0.87168163,1.36041605,0.73418254,0.86835778,1.20393836,0.69955158,0.91026306,0.98450887,0.66270763,1.02084637,1.45153999,0.76552105,0.76404476,1.41006756,0.75698429,0.61176044,1.57653368,0.76293427,0.44581401,1.64233232,0.77361351,0.34536505,0.81102848,0.65433443,0.98881578,0.8285464,0.66106057,0.82517105,0.58389932,0.59103119,0.84011769,0.53171271,0.59787726,0.70575958,0.81938356,0.56999272,1.07617235,0.74459916,0.54283452,1.08992112,1.66700637,0.6511035,0.88734019,1.38821816,0.5674575,0.89753449,1.23177671,0.54280692,0.91693342,1.00746191,0.49962306,1.02436209,1.4913857,0.57352763,0.78448224,1.44331586,0.56978029,0.61718297,1.6185956,0.64133942,0.4733758,1.6697346,0.65914589,0.38354361,0.88697833,0.45541111,0.99823385,0.89657992,0.46365103,0.82480246,0.64839351,0.47486916,0.87060124,0.60413682,0.4659591,0.73694414,0.83725995,0.49327889,1.07761645,0.76663768,0.47920239,1.10352218,-0.01968743,0.41693541,0.69321442,0.00746065,0.51689309,-0.19949621,1.651956855,0.711310835,0.87951091,1.374317105,0.65082002,0.882946135,1.217857535,0.62117925,0.91359824,0.99598539,0.581165345,1.02260423,0.828321755,0.531635805,1.0768944,0.75561842,0.511018455,1.09672165,1.70755904395819,1.42616576107837,1.73508734668289,1.73456297742031
2.633333,1.67131686,0.77689445,0.84693015,1.39641225,0.73903966,0.84362316,1.2399956,0.7019496,0.88996738,1.0224359,0.66419995,1.00549948,1.48817742,0.77000213,0.73886156,1.44939804,0.75887567,0.58567834,1.61331403,0.76538676,0.41877267,1.68029714,0.77695382,0.32024452,0.84450293,0.6598956,0.97961426,0.86229348,0.67134857,0.81476027,0.61891174,0.59399027,0.82740754,0.56671858,0.60524249,0.69315338,0.86029321,0.57235771,1.06530535,0.78948367,0.54073906,1.08440292,1.70180953,0.6579169,0.86235905,1.42490411,0.57411504,0.87169319,1.26760304,0.55100697,0.89367545,1.04683816,0.50701731,1.00679123,1.52824855,0.58060908,0.75939584,1.48109603,0.57309163,0.59468269,1.65971851,0.649189,0.44812042,1.71140158,0.66847187,0.35739499,0.92605662,0.4612101,0.98409194,0.93341058,0.46698233,0.81122112,0.6858871,0.47923112,0.85538226,0.64202768,0.47006074,0.72158223,0.87854052,0.49903089,1.06526053,0.81240124,0.48586324,1.09729266,-0.01968743,0.41693541,0.69321442,0.00746065,0.51689309,-0.19949621,1.686563195,0.717405675,0.8546446,1.41065818,0.65657735,0.857658175,1.25379932,0.626478285,0.891821415,1.03463703,0.58560863,1.006145355,0.869416865,0.5356943,1.06528294,0.800942455,0.51330115,1.09084779,1.74000956275444,1.45957479151009,1.77726400404752,1.78121150928733
2.641667,1.70549989,0.78202569,0.82174921,1.43259537,0.7429924,0.81770712,1.27559209,0.70273256,0.86842477,1.06033564,0.66670394,0.98926347,1.52500021,0.77422327,0.71237022,1.48766446,0.76209599,0.55909646,1.65093124,0.76773292,0.39177504,1.71407795,0.78598422,0.29433423,0.87918198,0.67055827,0.96896172,0.89829028,0.68822408,0.80254728,0.65892464,0.59408611,0.81314915,0.60565227,0.6100347,0.68080771,0.90078694,0.58156282,1.05214322,0.8341406,0.54418075,1.07786381,1.73633027,0.66487527,0.83690327,1.46107268,0.58094865,0.84490615,1.30386221,0.55860591,0.86911649,1.08638906,0.5142985,0.98808593,1.56502652,0.58791077,0.7329374,1.51908267,0.57933772,0.57137024,1.70013046,0.65604126,0.42134142,1.74975562,0.67988259,0.33128685,0.96543801,0.46757153,0.96890181,0.97158551,0.47120661,0.79634887,0.72528464,0.48691374,0.8385151,0.6829986,0.4750779,0.70468402,0.92016977,0.50513494,1.05173409,0.85895908,0.48912761,1.08905041,-0.01968743,0.41693541,0.69321442,0.00746065,0.51689309,-0.19949621,1.72091508,0.72345048,0.82932624,1.446834025,0.661970525,0.831306635,1.28972715,0.630669235,0.86877063,1.07336235,0.59050122,0.9886747,0.910478355,0.54334888,1.051938655,0.84654984,0.51665418,1.08345711,1.77261812399036,1.49325042956699,1.81693280641398,1.82511958309294
2.65,1.73852706,0.78773504,0.79627126,1.4673183,0.74900621,0.79093063,1.31009161,0.70396173,0.84577495,1.09783149,0.66894782,0.97095942,1.56068254,0.7801373,0.68501389,1.52366972,0.76954931,0.53240079,1.68637407,0.77402425,0.36435297,1.74769998,0.79122931,0.26494446,0.91641361,0.67793977,0.95585346,0.93527889,0.70578569,0.7890119,0.702613,0.59230721,0.79885584,0.64490044,0.61919057,0.66758883,0.94147712,0.58660513,1.03897464,0.87780088,0.55184191,1.0697695,1.77016616,0.67142135,0.81130522,1.49716067,0.58668262,0.81728244,1.34047377,0.56809491,0.84248209,1.12608004,0.52214408,0.96800041,1.6011796,0.593009,0.7061919,1.55983651,0.59250224,0.5407849,1.7406143,0.66484898,0.3920103,1.7920512,0.69016165,0.30197707,1.00465977,0.47444546,0.95278162,1.01002181,0.47293738,0.78121322,0.7662434,0.49563217,0.82071131,0.72625542,0.47865269,0.68714768,0.96243262,0.51384306,1.03779328,0.90586329,0.49087846,1.07786703,-0.01968743,0.41693541,0.69321442,0.00746065,0.51689309,-0.19949621,1.75434661,0.729578195,0.80378824,1.482239485,0.667844415,0.804106535,1.32528269,0.63602832,0.84412852,1.111955765,0.59554595,0.969479915,0.95195487,0.550224095,1.03838396,0.891832085,0.521360185,1.073818265,1.80476282534871,1.5267733453138,1.85665541747577,1.87353038558061
2.658333,1.77060831,0.7935617,0.77077836,1.50228667,0.75586671,0.76276302,1.34466207,0.70930481,0.82058227,1.13506651,0.66823101,0.95241171,1.59648967,0.78547472,0.65644264,1.55988622,0.77502465,0.50489902,1.72200572,0.78122592,0.33428261,1.78129482,0.79825664,0.23254396,0.95767701,0.68444234,0.94032842,0.97223008,0.71860898,0.77477127,0.74549663,0.59531963,0.78364992,0.68690467,0.62732297,0.65404493,0.98005068,0.59162837,1.02416384,0.92078787,0.55736548,1.06078613,1.8036952,0.6779241,0.78532845,1.53277314,0.5921514,0.78842872,1.37657177,0.5747422,0.81589782,1.16582513,0.52955145,0.94693816,1.63746297,0.59789908,0.67789465,1.59943771,0.60465884,0.51263601,1.78052306,0.67455053,0.3606914,1.83281469,0.69827437,0.27098012,1.04419744,0.48139933,0.93577307,1.0498445,0.47428456,0.76454866,0.80917704,0.50846773,0.80138153,0.76941621,0.48664194,0.66814667,1.00447094,0.51800454,1.02170885,0.95296347,0.49215713,1.06409478,-0.01968743,0.41693541,0.69321442,0.00746065,0.51689309,-0.19949621,1.787151755,0.7357429,0.778053405,1.517529905,0.674009055,0.77559587,1.36061692,0.642023505,0.818240045,1.15044582,0.59889123,0.949674935,0.99226081,0.554816455,1.022936345,0.93687567,0.524761305,1.062440455,1.8367100232501,1.56074043238528,1.89767231575433,1.92072838244112
2.666667,1.80216372,0.79926199,0.74488223,1.5373013,0.76260376,0.73356313,1.38102102,0.71472269,0.79365081,1.17351198,0.66556513,0.93429846,1.63175678,0.79080218,0.62703568,1.59761715,0.77865726,0.47569975,1.7566731,0.78525865,0.3010487,1.81721377,0.80109656,0.19849347,0.99964809,0.68524653,0.92373192,1.00869358,0.71951926,0.7599799,0.79003859,0.59655923,0.76767713,0.73565137,0.62748754,0.63756698,1.02356005,0.58505547,1.00979984,0.96705878,0.55619967,1.05103219,1.83652866,0.68390918,0.75897264,1.5677973,0.59692621,0.75882131,1.41217041,0.58150297,0.78859943,1.20583487,0.53647572,0.92503411,1.67410445,0.60440522,0.64759576,1.63903463,0.6126613,0.480232,1.81943107,0.68369311,0.32848823,1.87358057,0.70415127,0.23927876,1.08385837,0.48774216,0.91754335,1.09076583,0.47513184,0.74664205,0.85314286,0.51282167,0.78259635,0.8163017,0.49150684,0.64888042,1.04687524,0.52509022,1.00455117,0.99911761,0.4931795,1.04884291,-0.01968743,0.41693541,0.69321442,0.00746065,0.51689309,-0.19949621,1.81934619,0.741585585,0.751927435,1.5525493,0.679764985,0.74619222,1.396595715,0.64811283,0.79112512,1.189673425,0.601020425,0.929666285,1.035217645,0.555072845,1.007175505,0.983088195,0.524689585,1.04993755,1.86839225264617,1.594933969777,1.94075619955204,1.96799752374823
2.675,1.83316994,0.80447358,0.7188769,1.57163548,0.7696228,0.70361245,1.41694713,0.72224921,0.76741272,1.21133041,0.6704123,0.91501147,1.66683781,0.79613703,0.59659493,1.63581002,0.78073502,0.44485423,1.79115546,0.78942764,0.2655116,1.85001194,0.80216986,0.16289195,1.04170966,0.6888808,0.90473515,1.04701245,0.72769058,0.74335194,0.83687669,0.60991925,0.74986172,0.78363717,0.62922448,0.62045574,1.06293929,0.59097677,0.99273652,1.0130316,0.55801719,1.03851318,1.8689847,0.68994957,0.73180234,1.60265803,0.60246396,0.7274757,1.44772136,0.5867244,0.76134562,1.24580693,0.5429889,0.90249503,1.71158648,0.61493838,0.61451846,1.67528987,0.61686993,0.4553071,1.85598969,0.69318855,0.29582509,1.91166139,0.70876712,0.20670658,1.1239984,0.49310437,0.89804745,1.13427639,0.48224437,0.72558069,0.89807028,0.51121956,0.76406813,0.86334634,0.50344992,0.62679863,1.08915317,0.53349864,0.98510361,1.04411077,0.4949047,1.03197515,-0.01968743,0.41693541,0.69321442,0.00746065,0.51689309,-0.19949621,1.85107732,0.747211575,0.72533962,1.587146755,0.68604338,0.715544075,1.432334245,0.654486805,0.76437917,1.22856867,0.6067006,0.90875325,1.07604623,0.562237705,0.988920065,1.028571185,0.526460945,1.035244165,1.89996713747494,1.6293660764526,1.98126808832932,2.01294905297138
2.683333,1.86383975,0.80871731,0.69241273,1.60577917,0.77534091,0.67289788,1.45310986,0.72461766,0.74115318,1.25059056,0.68024558,0.89406431,1.7014637,0.80156577,0.56516945,1.67311382,0.78419459,0.41305491,1.8227948,0.79250306,0.22879153,1.87900174,0.81090891,0.12638506,1.07953668,0.69350463,0.88575029,1.08678997,0.73369128,0.7252478,0.88696891,0.61969048,0.73014307,0.83467638,0.63325751,0.60053438,1.10502577,0.59682107,0.97433215,1.06124842,0.55737549,1.02608752,1.90068567,0.69577509,0.70398951,1.63772249,0.61014473,0.69440013,1.48346305,0.593216,0.73284435,1.28604424,0.54939395,0.87935567,1.74878645,0.62494844,0.58028817,1.71290195,0.62264323,0.42432821,1.89220083,0.70121568,0.26181364,1.94844568,0.71445656,0.17286845,1.16406691,0.49894309,0.87705791,1.17916751,0.48988062,0.70356005,0.945445,0.51567006,0.7411229,0.91685379,0.51098013,0.60301542,1.13103366,0.54163396,0.96443456,1.08830726,0.49881026,1.01415539,-0.01968743,0.41693541,0.69321442,0.00746065,0.51689309,-0.19949621,1.88226271,0.7522462,0.69820112,1.62175083,0.69274282,0.683649005,1.468286455,0.65891683,0.736998765,1.2683174,0.614819765,0.88670999,1.118029715,0.569227515,0.969383355,1.07477784,0.528092875,1.020121455,1.93128779008032,1.66447612958758,2.02027998216474,2.0573834600946
2.691667,1.89384699,0.81336021,0.66506839,1.63803375,0.78345019,0.64170003,1.48954237,0.73399419,0.71248251,1.29008579,0.69167244,0.8700155,1.73585248,0.80697656,0.53241622,1.70896053,0.78998417,0.37993786,1.85285854,0.79368848,0.19176562,1.90839016,0.81446701,0.08575662,1.11750138,0.70249063,0.86568046,1.12691307,0.74538523,0.7057085,0.93224788,0.63471699,0.70956504,0.88305336,0.64924467,0.57981426,1.14676952,0.60532528,0.9549768,1.10767245,0.55728245,1.01055968,1.93188465,0.70163357,0.6752882,1.67242599,0.61851799,0.65999103,1.51986694,0.60089374,0.70306385,1.32639968,0.55669701,0.85511881,1.78430319,0.6324929,0.54589266,1.75087702,0.63359314,0.39433903,1.92816436,0.7088142,0.22539563,1.98481655,0.72075939,0.13627155,1.20437539,0.5047062,0.85467345,1.22545624,0.49699187,0.68072015,0.99561244,0.53104162,0.71269649,0.97096664,0.52460974,0.57442325,1.17234659,0.54815769,0.94233239,1.13357031,0.50328076,0.99455994,-0.01968743,0.41693541,0.69321442,0.00746065,0.51689309,-0.19949621,1.91286582,0.75749689,0.670178295,1.65522987,0.70098409,0.65084553,1.504704655,0.667443965,0.70777318,1.308242735,0.624184725,0.862567155,1.159558055,0.576741485,0.948654595,1.12062138,0.530281605,1.00255981,1.9624665217018,1.69936068487207,2.06022317840558,2.10250578527212
2.7,1.92329895,0.8183713,0.63659173,1.67115462,0.79123795,0.60860652,1.52604353,0.74671161,0.68318415,1.32987487,0.69911104,0.84694123,1.76910841,0.81141281,0.49923474,1.74290085,0.79777086,0.34659436,1.88130581,0.79564977,0.15295298,1.93651426,0.82046694,0.04494808,1.15738285,0.70802045,0.84464818,1.16889167,0.75880277,0.68394047,0.97857332,0.63718617,0.68827599,0.93959922,0.66435909,0.55478847,1.1884526,0.61450034,0.93413484,1.15366566,0.5583449,0.99377519,1.96268094,0.70671362,0.64589411,1.70637977,0.62723172,0.62518919,1.55579233,0.60764432,0.67297876,1.3669523,0.56342357,0.83059406,1.81762564,0.63438505,0.51430249,1.79030287,0.64482224,0.3569845,1.96467364,0.71508515,0.1860843,2.02081132,0.72631484,0.09810183,1.24541116,0.51059502,0.83074522,1.27250278,0.49871784,0.65834373,1.04794848,0.55126244,0.67906445,1.03017557,0.52992839,0.5443095,1.21343112,0.55282396,0.91914117,1.1790669,0.51230454,0.97352052,-0.01968743,0.41693541,0.69321442,0.00746065,0.51689309,-0.19949621,1.942989945,0.76254246,0.64124292,1.688767195,0.709234835,0.616897855,1.54091793,0.677177965,0.678081455,1.348413585,0.631267305,0.838767645,1.20094186,0.58366215,0.926638005,1.16636628,0.53532472,0.983647855,1.99355154138508,1.73495832158373,2.09995523648481,2.14790823249858
2.708333,1.95261586,0.82318807,0.60741186,1.70551312,0.79731148,0.57334948,1.56412411,0.75913221,0.64945608,1.36759508,0.69706464,0.82630867,1.80092466,0.81683922,0.4654178,1.77481115,0.80555564,0.31288546,1.90869057,0.7940436,0.11291841,1.96456313,0.81385368,0.0011053,1.19690549,0.7185244,0.81988096,1.21256542,0.77426058,0.66057801,1.02283728,0.64404517,0.66664535,0.99975556,0.6676743,0.52646679,1.22896934,0.62207687,0.9117614,1.20000494,0.56235152,0.97251385,1.99316382,0.7119258,0.61553448,1.73936808,0.6342752,0.59030277,1.59149718,0.61467135,0.64256746,1.40717041,0.57133317,0.80545324,1.8502301,0.63688785,0.48193634,1.8275497,0.65095359,0.32443562,1.99870694,0.72079659,0.14617658,2.05390215,0.73316419,0.05851245,1.28628528,0.51671934,0.80562717,1.32140863,0.50347012,0.63456786,1.09853256,0.56360441,0.64321238,1.08797252,0.54131156,0.50988162,1.25405967,0.55812377,0.89440387,1.22529185,0.51874644,0.94947904,-0.01968743,0.41693541,0.69321442,0.00746065,0.51689309,-0.19949621,1.97288984,0.767556935,0.61147317,1.7224406,0.71579334,0.581826125,1.577810645,0.68690178,0.64601177,1.387382745,0.634198905,0.815880955,1.241514505,0.59010032,0.903082635,1.212648395,0.54054898,0.960996445,2.02484104627142,1.77108257500845,2.13864663558693,2.19148830211497
2.716667,1.98185396,0.82766533,0.57751298,1.7441566,0.7982772,0.53494209,1.60318661,0.76254028,0.61546731,1.40370941,0.6983096,0.80471331,1.83296454,0.82073015,0.43009961,1.80639982,0.80997771,0.27774274,1.93363833,0.7949664,0.07177918,1.9876281,0.80844146,-0.03921474,1.23524547,0.72667497,0.79312247,1.25918376,0.78737038,0.63558853,1.0736028,0.65413254,0.63798755,1.06203401,0.67181563,0.49160787,1.26497853,0.63152719,0.88745022,1.24699676,0.56708634,0.94872963,2.02393246,0.71809345,0.58386272,1.772053,0.64100075,0.5548358,1.62728524,0.62069517,0.61167878,1.44731188,0.57861817,0.78001958,1.88353789,0.64182472,0.44745967,1.86239827,0.65524346,0.29389691,2.03041434,0.72623354,0.10556927,2.08488941,0.73910296,0.01623549,1.32710826,0.52249295,0.77965623,1.37044287,0.50729704,0.60982031,1.14768505,0.57200211,0.60570878,1.14816833,0.55104738,0.47320038,1.29429233,0.56392837,0.8682422,1.27166796,0.52413911,0.92250651,-0.01968743,0.41693541,0.69321442,0.00746065,0.51689309,-0.19949621,2.00289321,0.77287939,0.58068785,1.7581048,0.719638975,0.544888945,1.615235925,0.691617725,0.613573045,1.425510645,0.638463885,0.792366445,1.27963543,0.59772778,0.87784621,1.25933236,0.545612725,0.93561807,2.0567427625148,1.80946818370649,2.17233632262228,2.2341298255476
2.725,2.01144409,0.83181334,0.5465734,1.7784816,0.80389982,0.49807075,1.64477587,0.76151693,0.57905716,1.44314897,0.69272608,0.78160554,1.86559057,0.82435656,0.39268151,1.83764517,0.81081909,0.24067579,1.95575392,0.79178208,0.02899186,2.01057839,0.80044883,-0.07976846,1.27448869,0.73280853,0.7646842,1.30521452,0.79395002,0.61031967,1.12479258,0.6578474,0.60246766,1.12022018,0.67360723,0.45371133,1.30577302,0.63034219,0.86256158,1.29476035,0.57023305,0.92266339,2.05456591,0.72456545,0.55153567,1.80422115,0.64694762,0.51926178,1.66549301,0.6316883,0.57710356,1.48780179,0.58768547,0.7535212,1.91864645,0.65329194,0.40720853,1.89451265,0.65652519,0.26371053,2.0578301,0.73016971,0.06516386,2.11092496,0.74575144,-0.02675387,1.36725569,0.52858967,0.75317907,1.42003918,0.51690173,0.58215332,1.19698942,0.5828169,0.56193149,1.21078742,0.56116027,0.42840233,1.33423305,0.57032639,0.84067965,1.31570101,0.53114969,0.89453304,-0.01968743,0.41693541,0.69321442,0.00746065,0.51689309,-0.19949621,2.033005,0.778189395,0.549054535,1.791351375,0.72542372,0.508666265,1.65513444,0.696602615,0.57808036,1.46547538,0.640205775,0.76756337,1.320003035,0.60033429,0.851620615,1.30523068,0.55069137,0.908598215,2.08921820935509,1.84637065946586,2.20602909680572,2.2728799960869
2.733333,2.041399,0.8367191,0.51432389,1.80977607,0.81243885,0.46254122,1.68056369,0.76586223,0.54752725,1.48380828,0.69149578,0.75358301,1.89847863,0.82533705,0.35477746,1.86781347,0.81067008,0.20149945,1.97511673,0.79055232,-0.01257415,2.02778816,0.79958469,-0.11704239,1.31506586,0.73545134,0.73554212,1.3521049,0.80611855,0.58328491,1.1777879,0.66347164,0.55814713,1.1777643,0.68716669,0.41040179,1.34500957,0.63178474,0.83585757,1.34070623,0.56873983,0.89416093,2.0858326,0.73154461,0.51790547,1.83778381,0.65557289,0.48130977,1.70428848,0.64145589,0.5426572,1.52910137,0.59585804,0.72609997,1.95458114,0.66545582,0.36430174,1.92594719,0.66237408,0.22723271,2.08224082,0.73283786,0.02269376,2.13423657,0.74742061,-0.07283296,1.40808213,0.53360927,0.72612059,1.46973515,0.52833343,0.55115992,1.24621296,0.59348077,0.51523221,1.27338648,0.57211125,0.3755244,1.37451422,0.57655764,0.81205541,1.35781538,0.53978968,0.86731958,-0.01968743,0.41693541,0.69321442,0.00746065,0.51689309,-0.19949621,2.0636158,0.784131855,0.51611468,1.82377994,0.73400587,0.471925495,1.692426085,0.70365906,0.545092225,1.506454825,0.64367691,0.73984149,1.359761895,0.60417119,0.82395649,1.349260805,0.554264755,0.880740255,2.12281650060883,1.88358021044685,2.23497043856999,2.30985663052924
2.741667,2.07155252,0.84167689,0.48141146,1.83774102,0.82378238,0.42849401,1.71520221,0.77599287,0.51658654,1.52768373,0.68667817,0.72312421,1.92912376,0.82789731,0.31667757,1.89472938,0.81118637,0.1626202,1.99056184,0.78878158,-0.05444638,2.04220271,0.79842591,-0.15645744,1.36136842,0.73625821,0.70465815,1.403404,0.81650543,0.55327314,1.23184013,0.66476095,0.51019871,1.23254025,0.7052778,0.36439711,1.38580751,0.63331246,0.8062554,1.38110435,0.57702184,0.86552346,2.11752987,0.73703694,0.48370165,1.8712759,0.6625514,0.44420102,1.74269843,0.64898092,0.50921977,1.57086575,0.60521513,0.69789034,1.98744273,0.6732226,0.32489595,1.95647335,0.66872358,0.18680087,2.10178614,0.734918,-0.02220549,2.14938664,0.74571174,-0.11543703,1.44958627,0.54023165,0.69783777,1.51850796,0.54111445,0.52031779,1.2962923,0.6052537,0.46049744,1.33399045,0.58115494,0.31688407,1.41439533,0.58200955,0.78303599,1.39902949,0.54973561,0.8373313,-0.01968743,0.41693541,0.69321442,0.00746065,0.51689309,-0.19949621,2.094541195,0.789356915,0.482556555,1.85450846,0.74316689,0.436347515,1.72895032,0.712486895,0.512903155,1.54927474,0.64594665,0.710507275,1.40010142,0.607661005,0.794645695,1.39006692,0.563378725,0.85142738,2.15708998241664,1.9196400234211,2.26249159571817,2.33813886754011
2.75,2.10218763,0.84767258,0.44775766,1.86906695,0.83112919,0.39296302,1.74867296,0.78750169,0.48651457,1.57000887,0.6858632,0.69103152,1.95826936,0.83102643,0.27902752,1.91733408,0.81428921,0.12449251,1.99501479,0.77952838,-0.09388995,2.05032206,0.79772741,-0.1829575,1.40402138,0.74330842,0.6724081,1.45568383,0.82618308,0.52160883,1.28030968,0.67973107,0.45919853,1.28953063,0.72352874,0.31335413,1.42192733,0.63998067,0.77597797,1.41712844,0.58628744,0.83605242,2.15123129,0.74214667,0.44715118,1.90651083,0.67177927,0.40579975,1.78043485,0.65355581,0.47740054,1.61295962,0.61471641,0.66858983,2.01918483,0.67888117,0.28620839,1.98339069,0.6738497,0.14777957,2.11120772,0.7369228,-0.06745813,2.16225886,0.74459797,-0.14442405,1.49320638,0.55302012,0.66674548,1.56537366,0.55374181,0.48855659,1.34596109,0.60984695,0.40096858,1.39232934,0.59145284,0.2548148,1.45545328,0.58949894,0.75184089,1.44129586,0.55875784,0.80423808,-0.01968743,0.41693541,0.69321442,0.00746065,0.51689309,-0.19949621,2.12670946,0.794909625,0.44745442,1.88778889,0.75145423,0.399381385,1.764553905,0.72052875,0.481957555,1.591484245,0.650289805,0.679810675,1.438690305,0.614739805,0.76390943,1.42921215,0.57252264,0.82014525,2.19323553094658,1.95875128710928,2.27982873684638,2.3600615610815
2.758333,2.13358665,0.85380143,0.41325971,1.90232754,0.83779377,0.35796645,1.78639174,0.7938385,0.45421493,1.6136694,0.68298715,0.65821183,1.98750675,0.84051979,0.23860571,1.93340242,0.81519431,0.0906782,1.99070513,0.77206308,-0.12301169,2.05506945,0.79401523,-0.19729257,1.44775999,0.75356716,0.63982534,1.50649869,0.82581359,0.48939964,1.33003306,0.69458592,0.40372676,1.34795177,0.73861146,0.25844795,1.45996535,0.64557081,0.74354315,1.45118773,0.60158908,0.80336839,2.18507051,0.7481367,0.41178373,1.94064069,0.67806619,0.37333545,1.82020724,0.66193694,0.4430626,1.65532422,0.62416315,0.63826978,2.04900408,0.68338335,0.25085294,2.00361967,0.66997224,0.113955,2.1111877,0.74006087,-0.10214457,2.16644812,0.74272281,-0.15815052,1.53632975,0.5651598,0.6343708,1.60761845,0.56179702,0.45841345,1.39921248,0.62613606,0.33604735,1.45035398,0.59534597,0.19204071,1.49724495,0.59923017,0.71910864,1.48391724,0.5697546,0.76720273,-0.01968743,0.41693541,0.69321442,0.00746065,0.51689309,-0.19949621,2.15932858,0.800969065,0.41252172,1.921484115,0.75792998,0.36565095,1.80329949,0.72788772,0.448638765,1.63449681,0.65357515,0.648240805,1.47860515,0.62240049,0.731325895,1.467552485,0.58567184,0.78528556,2.23033204071552,1.99792945089801,2.2890626904909,2.36857516959749
2.766667,2.1666677,0.85833561,0.37872127,1.93604016,0.84696549,0.32891268,1.82390332,0.80337769,0.4204911,1.65594029,0.6883229,0.62474763,2.0136292,0.84693933,0.20310086,1.93726909,0.81508887,0.06757551,1.98218942,0.76641297,-0.13931064,2.05599952,0.79215902,-0.19803607,1.48636889,0.76728022,0.60727328,1.55212939,0.8307485,0.45781144,1.37913966,0.71405947,0.34510827,1.40765643,0.74315333,0.20107485,1.49934793,0.65731347,0.71000886,1.49048722,0.6114186,0.7689966,2.21956515,0.75573152,0.37864769,1.97660339,0.68604213,0.34686986,1.86120653,0.67293304,0.40738147,1.69742656,0.63271761,0.60711515,2.07819033,0.68792784,0.21734998,2.01305938,0.67039073,0.08508075,2.10519361,0.74293888,-0.12084868,2.16916776,0.74161392,-0.16000743,1.5790267,0.57543659,0.60175693,1.64801109,0.57576269,0.42574736,1.45543885,0.63571966,0.2703872,1.50556314,0.6004653,0.12889162,1.53957367,0.60970277,0.68476409,1.52464938,0.57895297,0.73295605,-0.01968743,0.41693541,0.69321442,0.00746065,0.51689309,-0.19949621,2.193116425,0.807033565,0.37868448,1.956321775,0.76650381,0.33789127,1.842554925,0.738155365,0.413936285,1.676683425,0.660520255,0.61593139,1.5194608,0.63350812,0.697386475,1.5075683,0.595185785,0.750976325,2.26883374322441,2.03790701099172,2.28989006457231,2.37160087345303
2.775,2.20226598,0.86178786,0.34708738,1.97047567,0.85426837,0.30842137,1.86015987,0.81456989,0.38490471,1.69815969,0.69025069,0.59145129,2.03553057,0.85430837,0.17396742,1.93254304,0.81379545,0.05687347,1.97713971,0.77111107,-0.14352635,2.05450964,0.7923677,-0.19824882,1.52842355,0.77389485,0.57357955,1.59586143,0.83135122,0.42462572,1.43249321,0.73302293,0.28915218,1.46913767,0.74885803,0.14127734,1.53941536,0.66928154,0.67546397,1.53015602,0.62284344,0.73449898,2.25658321,0.76707864,0.34953067,2.01209664,0.69170606,0.33015922,1.90231407,0.6854127,0.37240922,1.73715734,0.64003068,0.57675326,2.0997932,0.69123715,0.18999518,2.01240993,0.67857641,0.06811009,2.10139537,0.74472207,-0.12464828,2.16722465,0.73972118,-0.1617305,1.61942816,0.57819575,0.57030821,1.68334556,0.584934,0.39341223,1.51539874,0.64337391,0.20527001,1.5579468,0.60940701,0.0656694,1.58056009,0.62038958,0.65079451,1.56459355,0.58773804,0.69997102,-0.01968743,0.41693541,0.69321442,0.00746065,0.51689309,-0.19949621,2.229424595,0.81443325,0.348309025,1.991286155,0.772987215,0.319290295,1.88123697,0.749991295,0.378656965,1.717658515,0.665140685,0.584102275,1.559987725,0.64483556,0.66312924,1.547374785,0.60529074,0.717235,2.30986345165778,2.07620011045865,2.28865672346084,2.37017001820507
2.783333,2.24107623,0.86455339,0.3189047,2.00388312,0.85959625,0.29605934,1.89512777,0.82764405,0.35263175,1.74157941,0.69839025,0.55585217,2.05255628,0.85999405,0.15541917,1.92553115,0.81801724,0.05696452,1.97492957,0.77472591,-0.14617702,2.05350542,0.79265332,-0.19888835,1.56758785,0.77933484,0.53883469,1.63812351,0.83251601,0.39070946,1.48841143,0.74210995,0.23265684,1.52824926,0.75575352,0.08105674,1.57963145,0.68117946,0.64228296,1.57001889,0.6352188,0.70437199,2.2983892,0.77978188,0.32383272,2.04698467,0.69821215,0.31838438,1.94062662,0.69533932,0.34331402,1.77686429,0.65001529,0.54465377,2.12063742,0.6868434,0.17466685,2.00885034,0.69701421,0.05974955,2.10037255,0.74472946,-0.12489028,2.16714597,0.73920673,-0.16211501,1.65799475,0.58071673,0.53797954,1.71555078,0.59820312,0.36322248,1.57547784,0.64190859,0.14448996,1.61304033,0.61732882,0.00348164,1.61746335,0.62725049,0.61763883,1.60187113,0.5935654,0.66933155,-0.01968743,0.41693541,0.69321442,0.00746065,0.51689309,-0.19949621,2.269732715,0.822167635,0.32136871,2.025433895,0.7789042,0.30722186,1.917877195,0.761491685,0.347972885,1.75922185,0.67420277,0.55025297,1.5985474,0.654214975,0.629960895,1.58594501,0.6143921,0.68685177,2.35455452019181,2.11247080341461,2.28804280847793,2.3701661454156
2.791667,2.28404379,0.86728215,0.29594088,2.03709221,0.86312479,0.28698972,1.93122232,0.83601391,0.32663187,1.78180099,0.69132221,0.52322465,2.06962848,0.87374079,0.14345989,1.92715323,0.82870185,0.06046151,1.97424519,0.77898735,-0.1472476,2.05291939,0.79277653,-0.19917662,1.60521281,0.78380239,0.50234115,1.67869234,0.83062685,0.3554084,1.54482365,0.75244254,0.17884973,1.58676934,0.77202457,0.02262335,1.61598909,0.69029534,0.6088165,1.60612988,0.6476621,0.67162359,2.34413385,0.7946803,0.30280644,2.07911873,0.70591813,0.30914596,1.97631001,0.70397139,0.32275632,1.81525111,0.65832752,0.51226568,2.14013982,0.68420994,0.17129463,2.01610637,0.70180374,0.06222903,2.10107875,0.74350214,-0.12491407,2.16681743,0.73870802,-0.16271497,1.69203913,0.58399332,0.50457412,1.74437869,0.60681939,0.33288103,1.63218296,0.63720018,0.09315618,1.67099321,0.6208781,-0.05105006,1.64877236,0.63187611,0.58319592,1.6353581,0.60358101,0.63833046,-0.01968743,0.41693541,0.69321442,0.00746065,0.51689309,-0.19949621,2.31408882,0.830981225,0.29937366,2.05810547,0.78452146,0.29806784,1.953766165,0.76999265,0.324694095,1.79852605,0.674824865,0.517745165,1.632380725,0.661085725,0.59600621,1.62074399,0.625621555,0.654977025,2.40271847419136,2.14673791114116,2.28764449730845,2.37001186410862
2.8,2.33079743,0.87254351,0.27690306,2.07032466,0.86975157,0.27940038,1.97114015,0.83915949,0.3100504,1.81359553,0.69020849,0.49289426,2.09032178,0.8854959,0.13550937,1.93932366,0.84385014,0.06490671,1.97630584,0.78333682,-0.1442938,2.05289459,0.79277027,-0.19925478,1.6346935,0.78716397,0.46535331,1.71469009,0.83259618,0.32342267,1.60030258,0.76310128,0.12338751,1.64258718,0.79575884,-0.02965486,1.64512742,0.69604069,0.57419211,1.63898814,0.65164948,0.63660532,2.39103293,0.80833578,0.28758627,2.10989976,0.71643782,0.3037453,2.00883746,0.71012473,0.3125402,1.85139847,0.66514504,0.48104864,2.16387963,0.68551815,0.17479588,2.03513145,0.69834942,0.06735627,2.1032269,0.74172318,-0.12320551,2.16664553,0.73807508,-0.16309756,1.72023475,0.58882713,0.46842384,1.77238083,0.61662805,0.30329052,1.67922616,0.6359399,0.0537673,1.72762895,0.62244248,-0.09361605,1.6720351,0.63300121,0.54895043,1.66141391,0.60867208,0.60684073,-0.01968743,0.41693541,0.69321442,0.00746065,0.51689309,-0.19949621,2.36091518,0.840439645,0.282244665,2.09011221,0.793094695,0.29157284,1.989988805,0.77464211,0.3112953,1.832497,0.677676765,0.48697145,1.65858126,0.66452095,0.56157127,1.650201025,0.63016078,0.621723025,2.45265585913036,2.18038214252014,2.28765149106396,2.36990563245071
2.808333,2.37813377,0.88189161,0.26290187,2.10472822,0.87987709,0.27369288,2.0067327,0.84640825,0.29946536,1.83552444,0.69251299,0.46714631,2.11679602,0.89520258,0.13029093,1.96197474,0.86042809,0.0692827,1.98262751,0.79159391,-0.13557084,2.05285931,0.79323071,-0.19940305,1.65754664,0.78909308,0.4291819,1.74934316,0.83349663,0.29359269,1.65498972,0.78312266,0.07254671,1.70148349,0.81676608,-0.0763003,1.66510987,0.6979844,0.53706765,1.66133296,0.65224129,0.60023791,2.43784761,0.8213923,0.27835029,2.14260197,0.72953945,0.30569229,2.040447,0.71557617,0.30929548,1.87888801,0.66867983,0.45237011,2.1867826,0.69089538,0.17775071,2.06679273,0.6934045,0.07265915,2.10748315,0.74075121,-0.11759927,2.16684461,0.73787713,-0.16325778,1.74269319,0.59410602,0.43231598,1.79924846,0.62201762,0.27144805,1.7154851,0.63084,0.01878045,1.76993167,0.62610894,-0.1229794,1.6896317,0.63368231,0.51318508,1.68001831,0.61097175,0.57035315,-0.01968743,0.41693541,0.69321442,0.00746065,0.51689309,-0.19949621,2.40799069,0.851641955,0.27062608,2.123665095,0.80470827,0.289692585,2.02358985,0.78099221,0.30438042,1.857206225,0.68059641,0.45975821,1.677370785,0.665833355,0.525126365,1.670675635,0.63160652,0.58529553,2.50223335036853,2.21521053371868,2.28775306579096,2.37012037225031
2.816667,2.4250989,0.89583039,0.25299272,2.14110327,0.88975596,0.27068096,2.03546953,0.85905546,0.29450828,1.8538487,0.7119987,0.44057405,2.14985943,0.90171945,0.12652797,1.99185228,0.87531197,0.07410779,1.99373877,0.80226469,-0.1236177,2.05309033,0.79592294,-0.19912611,1.67379546,0.78785819,0.39114404,1.77926648,0.82998627,0.26771641,1.7037375,0.79212791,0.02190847,1.75813138,0.83012819,-0.11594733,1.67691016,0.69521827,0.5003925,1.67321026,0.64668256,0.56338298,2.48450422,0.83646536,0.27362376,2.17954016,0.74346191,0.31423962,2.07204103,0.72239912,0.30880889,1.89836645,0.67157739,0.42516389,2.21508527,0.70241016,0.17861389,2.09830284,0.69127089,0.07822338,2.11558318,0.74114746,-0.10837044,2.1673739,0.73813748,-0.16289018,1.76217079,0.60048342,0.39645857,1.82426453,0.62496275,0.24123219,1.74021733,0.63070285,-0.01334582,1.79669011,0.63178605,-0.14791995,1.70523727,0.6372205,0.4759267,1.69296539,0.61119896,0.53266931,-0.01968743,0.41693541,0.69321442,0.00746065,0.51689309,-0.19949621,2.45480156,0.866147875,0.26330824,2.160321715,0.816608935,0.29246029,2.05375528,0.79072729,0.301658585,1.876107575,0.691788045,0.43286897,1.691073715,0.666219385,0.4881596,1.683087825,0.62894076,0.548026145,2.55141273100704,2.25228387899519,2.28829867187979,2.37051115101676
2.825,2.47262764,0.90675431,0.24765013,2.18081832,0.8979311,0.27034217,2.05663872,0.87605077,0.29154411,1.86895561,0.74902201,0.41742882,2.19012785,0.91215295,0.12683481,2.02884603,0.89576912,0.08166963,2.01238728,0.81353116,-0.11038312,2.05410981,0.79956168,-0.19831331,1.68823338,0.78847218,0.35109004,1.80214298,0.82797921,0.2391074,1.74386728,0.79366052,-0.02353827,1.80553484,0.82789218,-0.1526974,1.68835747,0.69432908,0.45910773,1.67500448,0.64223504,0.51636809,2.52996993,0.85419708,0.27263927,2.22021818,0.75586271,0.32638925,2.10440946,0.73210669,0.31002817,1.9118855,0.67403865,0.39841744,2.25074697,0.7179215,0.18283749,2.13424301,0.69302285,0.08456585,2.12832832,0.74202031,-0.09709143,2.1686604,0.73850656,-0.16172855,1.78020906,0.60474879,0.36172912,1.8498044,0.6266278,0.20909958,1.74418592,0.62383205,-0.03942872,1.81253481,0.63159066,-0.16368616,1.72086132,0.64092767,0.43699279,1.70314991,0.61024624,0.49074537,-0.01968743,0.41693541,0.69321442,0.00746065,0.51689309,-0.19949621,2.501298785,0.880475695,0.2601447,2.20051825,0.826896905,0.29836571,2.08052409,0.80407873,0.30078614,1.890420555,0.71153033,0.40792313,1.704609395,0.667628375,0.44805026,1.689077195,0.62624064,0.50355673,2.59957505650804,2.29200505947861,2.28951076618667,2.37132910232436
2.833333,2.52164936,0.91811287,0.24678515,2.22135115,0.90485454,0.27317503,2.083287,0.88410336,0.28833738,1.88122129,0.78044575,0.39249584,2.23643708,0.92084944,0.13120647,2.07576036,0.90768313,0.09058575,2.03854108,0.81908232,-0.09859643,2.05767298,0.80199552,-0.19604534,1.70352006,0.78615183,0.30831814,1.81767285,0.83120781,0.20539908,1.76735771,0.77986658,-0.06298508,1.8333919,0.82320672,-0.17649038,1.69813907,0.69638366,0.41433808,1.67501223,0.64351273,0.4659887,2.5765202,0.8710326,0.27384329,2.26115727,0.76781064,0.33838826,2.13762212,0.74275613,0.31198871,1.92368829,0.67544657,0.37370232,2.29294395,0.73823708,0.19132471,2.16968536,0.69205445,0.09436548,2.14614892,0.74306518,-0.08550327,2.17129517,0.7385416,-0.15985669,1.79963613,0.61033517,0.32683676,1.87601674,0.62754476,0.17642733,1.73548567,0.6208849,-0.05529759,1.82173097,0.62875861,-0.17215495,1.73827505,0.6471988,0.39701208,1.71472907,0.61206681,0.44845861,-0.01968743,0.41693541,0.69321442,0.00746065,0.51689309,-0.19949621,2.54908478,0.894572735,0.26031422,2.24125421,0.83633259,0.305781645,2.11045456,0.813429745,0.300163045,1.90245479,0.72794616,0.38309908,1.71820706,0.67179123,0.40567508,1.69487065,0.62778977,0.457223655,2.64842040927446,2.33192093545687,2.29226536031582,2.37309199435372
2.841667,2.57090616,0.92899603,0.24890663,2.26069617,0.91508466,0.27886346,2.11229491,0.88843596,0.28534028,1.8898263,0.80229789,0.36812586,2.28793192,0.93261123,0.14233653,2.13290429,0.91530412,0.10001989,2.07178879,0.82044864,-0.0886956,2.06297278,0.80633974,-0.18959673,1.71902049,0.78575158,0.26821601,1.830248,0.84042066,0.16851932,1.76954532,0.75949967,-0.09143542,1.84223294,0.81780159,-0.18915769,1.71570778,0.69144183,0.36895975,1.67805755,0.64638281,0.41018337,2.62614918,0.88105452,0.27815515,2.30009246,0.7773428,0.34989086,2.17035222,0.75310701,0.315644,1.9357878,0.67829865,0.35014603,2.33610988,0.76038921,0.20075023,2.208395,0.69505447,0.104794,2.16883826,0.74649262,-0.07398583,2.17656064,0.73866379,-0.1563153,1.82212186,0.61459512,0.29340535,1.89884412,0.62839222,0.14299276,1.72221065,0.62043607,-0.06378298,1.82728028,0.62537283,-0.17298689,1.75729525,0.65412742,0.35957313,1.72844672,0.61605245,0.40572393,-0.01968743,0.41693541,0.69321442,0.00746065,0.51689309,-0.19949621,2.59852767,0.905025275,0.26353089,2.280394315,0.84621373,0.31437716,2.141323565,0.820771485,0.30049214,1.91280705,0.74029827,0.359135945,1.736501515,0.672784625,0.36426644,1.703252135,0.63121763,0.40795365,2.69776017505949,2.37026867238053,2.29531366246627,2.3767026487635
2.85,2.61730361,0.94185823,0.25300962,2.29829097,0.92593235,0.2880564,2.14176059,0.89261901,0.28328821,1.89902556,0.80643189,0.34108222,2.34005046,0.94031525,0.15775596,2.19514084,0.91435808,0.10831144,2.11285567,0.83219635,-0.08020014,2.07866597,0.80984664,-0.17383225,1.73882294,0.78969347,0.23133132,1.84740674,0.84634131,0.129687,1.76179826,0.74024475,-0.1084998,1.84366941,0.8170085,-0.19001435,1.73448014,0.6893267,0.3293055,1.68922424,0.65692317,0.36115766,2.67692614,0.88643831,0.28373104,2.33550119,0.78741348,0.36046013,2.20025826,0.75990117,0.31986156,1.95003498,0.68184215,0.33173826,2.37630558,0.78167313,0.21114741,2.24761128,0.69943792,0.11647477,2.19477487,0.75424176,-0.06384224,2.18705034,0.73952794,-0.15043525,1.8473978,0.62003803,0.26611605,1.91678619,0.63167781,0.11324719,1.71982658,0.6324023,-0.06822157,1.82728028,0.62537283,-0.17298689,1.77920783,0.66125637,0.32567874,1.74467921,0.62508845,0.36352044,-0.01968743,0.41693541,0.69321442,0.00746065,0.51689309,-0.19949621,2.647114875,0.91414827,0.26837033,2.31689608,0.856672915,0.324258265,2.171009425,0.82626009,0.301574885,1.92453027,0.74413702,0.33641024,1.756843985,0.675291535,0.32749212,1.716951725,0.64100581,0.36233905,2.74582367658789,2.40605906345209,2.30417797791528,2.38442913328274
2.858333,2.66109347,0.95234084,0.25827283,2.33532453,0.93731529,0.30003664,2.16672444,0.89764422,0.28344005,1.91158557,0.81106728,0.318362,2.39051771,0.95002049,0.17711487,2.25311279,0.92466062,0.11607601,2.16953278,0.84450734,-0.07515518,2.10998416,0.82069463,-0.14933054,1.76338446,0.79765707,0.2028528,1.86813092,0.85287291,0.09270021,1.75513613,0.73159701,-0.11535483,1.84342313,0.81693345,-0.18898875,1.76474988,0.68428302,0.29805207,1.70792973,0.66525918,0.31472135,2.72310162,0.89263624,0.29024085,2.36801195,0.79892486,0.37089634,2.22537065,0.76619214,0.32359979,1.96787715,0.68610406,0.31986058,2.41999912,0.7965523,0.22510423,2.28850102,0.70789415,0.12686189,2.22802877,0.7631579,-0.05460627,2.20302129,0.74037945,-0.14068611,1.87487113,0.62596059,0.24551407,1.93255866,0.63765299,0.09133709,1.72453594,0.64836329,-0.06916832,1.82728028,0.62537283,-0.17298689,1.80581737,0.66911221,0.29987571,1.76254988,0.63824719,0.32721385,-0.01968743,0.41693541,0.69321442,0.00746065,0.51689309,-0.19949621,2.692097545,0.92248854,0.27425684,2.35166824,0.868120075,0.33546649,2.196047545,0.83191818,0.30351992,1.93973136,0.74858567,0.31911129,1.785283625,0.676697615,0.29896389,1.735239805,0.651753185,0.3209676,2.79014106663588,2.44026205498336,2.32559768631841,2.39592157528368
2.866667,2.70214868,0.964459,0.26518366,2.37235236,0.94487387,0.31336379,2.19335341,0.89789826,0.28449816,1.92885566,0.81804019,0.300576,2.43710351,0.95604014,0.19635488,2.30010319,0.93924648,0.12289438,2.23757243,0.86585999,-0.07111143,2.1610198,0.83640224,-0.12189365,1.7956903,0.80684054,0.18158257,1.89485884,0.85584587,0.06111062,1.76348376,0.7307179,-0.1129565,1.84663212,0.8171109,-0.18850273,1.79366088,0.6951043,0.27380478,1.73480642,0.67568147,0.28198871,2.76153374,0.90166742,0.29674822,2.39954591,0.81267959,0.38130745,2.24623418,0.77151543,0.32765168,1.98941386,0.69045955,0.31461108,2.46614695,0.81145978,0.2431318,2.33185005,0.71813858,0.13796009,2.26829052,0.77185553,-0.04689769,2.22644067,0.74949372,-0.12717822,1.90280998,0.63260567,0.23282376,1.9527837,0.64745504,0.07877327,1.73368967,0.66160876,-0.06428966,1.82728028,0.62537283,-0.17298689,1.83622599,0.67741859,0.28448495,1.78557682,0.65149057,0.29873407,-0.01968743,0.41693541,0.69321442,0.00746065,0.51689309,-0.19949621,2.73184121,0.93306321,0.28096594,2.385949135,0.87877673,0.34733562,2.219793795,0.834706845,0.30607492,1.95913476,0.75424987,0.30759354,1.814943435,0.686261445,0.279144865,1.76019162,0.66358602,0.29036139,2.82970785982147,2.47386677733741,2.36555228439864,2.41427640400304
2.875,2.73988581,0.97769696,0.27238554,2.40774226,0.95365232,0.32697549,2.2188015,0.89881152,0.28609243,1.95057416,0.82522196,0.29019976,2.47982335,0.96540576,0.21526645,2.33993244,0.95515341,0.12957796,2.32499313,0.86958897,-0.06749985,2.23258638,0.85725635,-0.10543014,1.8336966,0.81310326,0.17036532,1.92828238,0.85574114,0.04214235,1.77829587,0.7313084,-0.10273869,1.84753156,0.81780863,-0.18756437,1.83263958,0.70228469,0.26010343,1.76560402,0.68415928,0.26146129,2.79085684,0.91703546,0.30306247,2.43315506,0.82595491,0.39218909,2.26563358,0.77690917,0.33339575,2.01436615,0.69654042,0.31340942,2.51345325,0.81733036,0.26501507,2.37773275,0.7290253,0.14680652,2.31935573,0.7842437,-0.04301874,2.25742483,0.76285714,-0.11216117,1.93366289,0.64161408,0.22674604,1.97877777,0.65769285,0.07562061,1.74951541,0.6684652,-0.05627444,1.82728028,0.62537283,-0.17298689,1.8701638,0.68990034,0.27865767,1.81385088,0.66691327,0.28457263,-0.01968743,0.41693541,0.69321442,0.00746065,0.51689309,-0.19949621,2.765371325,0.94736621,0.287724005,2.42044866,0.889803615,0.35958229,2.24221754,0.837860345,0.30974409,1.982470155,0.76088119,0.30180459,1.85140169,0.696092515,0.26938055,1.78972745,0.675536275,0.27301696,2.86397129508095,2.50782353350246,2.42990801855379,2.43998605096348
2.883333,2.77484822,0.99049848,0.2793344,2.44158244,0.96136498,0.33982947,2.24089932,0.90559262,0.28856909,1.9779377,0.83350056,0.28656372,2.52030826,0.97517252,0.23254621,2.37450838,0.96715862,0.13668227,2.4053216,0.89659178,-0.05215765,2.31459355,0.88530916,-0.09377127,1.87259269,0.81944555,0.1668683,1.96373534,0.85414511,0.03718833,1.79466915,0.73503864,-0.08762634,1.85211885,0.81532019,-0.1872222,1.86338174,0.72270858,0.2556048,1.79937065,0.69404817,0.2540389,2.814363,0.93620312,0.30928925,2.46641707,0.83456004,0.40173379,2.28677416,0.78341681,0.34086627,2.04262471,0.70377469,0.31577748,2.55598974,0.82252973,0.28558221,2.42382431,0.74011618,0.15539773,2.38022304,0.79158944,-0.03899366,2.3009088,0.7808767,-0.09627434,1.96719837,0.65021706,0.22850446,2.00963688,0.66962475,0.07837188,1.77281976,0.6691519,-0.04659545,1.82695246,0.62530887,-0.17205521,1.90439546,0.70066035,0.27988005,1.84831083,0.68032247,0.28291765,-0.01968743,0.41693541,0.69321442,0.00746065,0.51689309,-0.19949621,2.79460561,0.9633508,0.294311825,2.453999755,0.89796251,0.37078163,2.26383674,0.844504715,0.31471768,2.010281205,0.768637625,0.3011706,1.8838886,0.711684465,0.267742425,1.82384074,0.68718532,0.268478275,2.89446685483165,2.54056652426871,2.50750635882416,2.47808648505725
2.891667,2.80811334,1.00138795,0.28577033,2.47299266,0.96913064,0.35128739,2.25882363,0.91870844,0.29149041,2.00944614,0.8427406,0.29001355,2.55770445,0.98700631,0.24713399,2.41190624,0.97635549,0.14415398,2.50457239,0.90958196,-0.03396295,2.41003966,0.9030571,-0.08991589,1.91238737,0.82524645,0.17256989,1.99713743,0.85539281,0.04214338,1.8132453,0.73697674,-0.07294221,1.85637987,0.81297988,-0.18651703,1.89668012,0.73452687,0.25867152,1.83336532,0.70789546,0.25483668,NaN,NaN,NaN,2.5003655,0.84688717,0.41127259,2.31155086,0.79101038,0.34935886,2.07468772,0.71516812,0.32328361,2.59553456,0.82567334,0.3021923,2.46732211,0.7505073,0.16209817,2.44668722,0.8043617,-0.03849624,2.35236979,0.796821,-0.08086725,2.00399065,0.66007209,0.23706776,2.04239178,0.68131983,0.08673276,1.80206466,0.66886622,-0.03864733,1.82686913,0.62656397,-0.17095299,1.94020104,0.71418953,0.2874372,1.88207209,0.69401366,0.28701943,-0.01968743,0.41693541,0.69321442,0.00746065,0.51689309,-0.19949621,NaN,NaN,NaN,2.48667908,0.908008905,0.38127999,2.285187245,0.85485941,0.320424635,2.04206693,0.77895436,0.30664858,1.91844058,0.7243582,0.27305436,1.857718705,0.70095456,0.270928055,NaN,2.57300006773426,2.59868834449401,2.52391975868366
2.9,2.84122276,1.01217592,0.29186991,2.50267196,0.97530848,0.35908276,2.28316593,0.92971164,0.2946721,2.04437304,0.85685802,0.2983838,2.59453678,0.99880147,0.25908867,2.44911647,0.98457271,0.14975545,2.58230376,0.94465363,-0.01334247,2.5149529,0.91833872,-0.08435231,1.9502846,0.83634937,0.18521675,2.02415323,0.86480123,0.05488597,1.83576119,0.74290138,-0.06143717,1.85964644,0.81279194,-0.18660685,1.92900789,0.74971986,0.26594967,1.86831295,0.72652322,0.2626861,NaN,NaN,NaN,2.531636,0.85970855,0.41923323,2.33997989,0.79900861,0.35835582,2.11266017,0.72393715,0.33425233,2.6350193,0.83430046,0.31436297,2.51164746,0.76562512,0.16787215,2.51540399,0.80996609,-0.03152707,2.41618514,0.81153208,-0.0645979,2.04197741,0.67060548,0.25182584,2.07518959,0.69284976,0.10092755,1.83411145,0.66868532,-0.03014339,1.82686377,0.62723356,-0.16622934,1.97663641,0.72559595,0.29992613,1.91723335,0.70425075,0.29498807,-0.01968743,0.41693541,0.69321442,0.00746065,0.51689309,-0.19949621,NaN,NaN,NaN,2.51715398,0.917508515,0.389157995,2.31157291,0.864360125,0.32651396,2.078516605,0.790397585,0.316318065,1.95282215,0.737657905,0.2829379,1.89277315,0.715386985,0.278837085,NaN,2.60357217732175,2.69822476849953,2.58136809107056
2.908333,2.87607217,1.02161872,0.29733241,2.53191113,0.98015618,0.36218873,2.31337023,0.93816108,0.29912144,2.0837996,0.86986423,0.31023684,2.62930703,1.01006055,0.2677696,2.49112582,0.98894686,0.15120642,2.65632558,0.96614826,-0.00071926,2.62998223,0.93280971,-0.0803368,1.98678589,0.84979463,0.20265262,2.05090356,0.87422234,0.07215983,1.86200964,0.75235754,-0.05008725,1.85934734,0.81684244,-0.18509461,1.96693957,0.76099026,0.27828956,1.90304482,0.74457216,0.27175698,NaN,NaN,NaN,2.56480575,0.87433124,0.42507145,2.37247825,0.80861831,0.36840519,2.15419984,0.73649889,0.34779343,2.6750946,0.8485896,0.32157752,2.55462837,0.77765089,0.17251028,2.58113003,0.8247326,-0.02315727,2.48209023,0.82698184,-0.05104099,2.07957959,0.68201655,0.2702114,2.10616016,0.70295072,0.11945757,1.8671447,0.66639549,-0.01987985,1.83166337,0.63127136,-0.1582773,2.01422834,0.74051148,0.31571645,1.95088553,0.71760041,0.30285472,-0.01968743,0.41693541,0.69321442,0.00746065,0.51689309,-0.19949621,NaN,NaN,NaN,2.54835844,0.92724371,0.39363009,2.34292424,0.873389695,0.333763315,2.11899972,0.80318156,0.329015135,1.990583955,0.75075087,0.297003005,1.926965175,0.731086285,0.28730585,NaN,2.63534151909283,2.80806999387275,2.64214792359268
2.916667,2.91271329,1.02889419,0.30072126,2.5625515,0.98622102,0.36152086,2.34809995,0.9439286,0.30567205,2.12969708,0.87516773,0.32375154,2.66390014,1.01981437,0.2735334,2.53351879,0.99604732,0.14819518,2.71114469,0.99424773,0.0059023,2.7417562,0.95275855,-0.07803922,2.0205934,0.86550122,0.22352582,2.07784581,0.88426173,0.09280208,1.88571107,0.77353495,-0.03854112,1.86140168,0.82042634,-0.181916,2.00305033,0.77810788,0.29508892,1.93740606,0.76854557,0.28164548,NaN,NaN,NaN,2.59783626,0.88443196,0.42685059,2.40717506,0.81878656,0.37887388,2.19558907,0.74941182,0.3619059,2.71332169,0.8638292,0.32675669,2.59736323,0.79234499,0.18029611,2.65141106,0.83594996,-0.00802747,2.55865192,0.84241033,-0.04019209,2.11596966,0.69551343,0.29050541,2.13628364,0.71048218,0.1398388,1.89937496,0.66350812,-0.00640052,1.84548485,0.63529539,-0.14364029,2.05036902,0.7509408,0.33139554,1.98676813,0.73423868,0.31210113,-0.01968743,0.41693541,0.69321442,0.00746065,0.51689309,-0.19949621,NaN,NaN,NaN,2.58019388,0.93532649,0.394185725,2.377637505,0.88135758,0.342272965,2.162643075,0.812289775,0.34282872,2.026709675,0.76452434,0.31324223,1.962087095,0.751392125,0.296873305,NaN,2.66786999277406,2.91676353793726,2.71417534809706
2.925,2.95133066,1.03576779,0.3029978,2.59552288,0.99170542,0.35932896,2.38134408,0.95294255,0.31497705,2.17535067,0.8776722,0.33639628,2.69878769,1.02592039,0.27556771,2.58873367,0.99648476,0.13883096,2.77257633,0.9945699,0.0039387,2.84451962,0.97124273,-0.07900679,2.05418873,0.87752342,0.24540049,2.11048317,0.88755661,0.11372845,1.90715015,0.79769987,-0.02812292,1.87139702,0.82417893,-0.17233665,2.03876734,0.79557127,0.31463817,1.97828448,0.78267133,0.29032093,NaN,NaN,NaN,2.63254166,0.89577323,0.42622852,2.44336224,0.83151895,0.38939753,2.23772264,0.76371121,0.37563279,2.74901938,0.88148087,0.32943767,2.63847423,0.80389458,0.18862234,2.72270966,0.85106832,0.00678894,2.63408184,0.8537482,-0.03312445,2.15134215,0.70796758,0.31000203,2.1659205,0.71472281,0.16013049,1.93129897,0.66423529,0.00845086,1.86826313,0.63966107,-0.12674892,2.08675694,0.76046073,0.34962288,2.02359819,0.75588894,0.31986788,-0.01968743,0.41693541,0.69321442,0.00746065,0.51689309,-0.19949621,NaN,NaN,NaN,2.61403227,0.943739325,0.39277874,2.41235316,0.89223075,0.35218729,2.206536655,0.820691705,0.356014535,2.06276214,0.778016,0.332130525,2.000941335,0.769280135,0.305094405,NaN,2.70264008348216,3.01782441958593,2.785832892687
2.933333,2.99013877,1.04586673,0.30411011,2.63057446,0.99926585,0.35699898,2.41815329,0.96061492,0.32534572,2.21984506,0.88178307,0.34889427,2.7353425,1.03450656,0.27425659,2.64625621,1.00697207,0.12620124,2.84411645,0.98271161,-0.00584546,2.92317438,0.99418014,-0.08275832,2.09442496,0.88236266,0.26772273,2.14099836,0.89403379,0.13484938,1.92899227,0.82142979,-0.01662915,1.88309813,0.83558786,-0.15824629,2.07700825,0.80906981,0.33521166,2.0216167,0.79842293,0.29910916,NaN,NaN,NaN,2.66808677,0.90808314,0.42525911,2.48432469,0.84181368,0.40018722,2.27882552,0.77754331,0.38809469,NaN,NaN,NaN,2.68370938,0.82517248,0.19487567,2.79428554,0.86145711,0.02300546,2.71438241,0.86831021,-0.02973567,2.18785739,0.72164613,0.32853144,2.19652295,0.71633852,0.17921281,1.96078062,0.66779345,0.02658125,1.89913368,0.63737029,-0.10776696,2.1247499,0.77247715,0.36724478,2.06289721,0.77557087,0.32735196,-0.01968743,0.41693541,0.69321442,0.00746065,0.51689309,-0.19949621,NaN,NaN,NaN,2.649330615,0.953674495,0.391129045,2.45123899,0.9012143,0.36276647,2.24933529,0.82966319,0.36849448,2.100879075,0.79077348,0.35122822,2.042256955,0.7869969,0.31323056,NaN,2.73916077361135,3.09770573235941,2.86383203639873
2.941667,3.02852917,1.05899918,0.30513805,2.66636252,1.00851798,0.35528564,2.45694327,0.96863973,0.33632016,2.25933242,0.89541036,0.36105549,2.77242041,1.04322672,0.26912338,2.71049213,1.0071125,0.11177485,2.90705705,0.97990352,-0.0169185,2.98808742,1.01523829,-0.0897463,2.13431239,0.88581139,0.28777936,2.16740417,0.90469509,0.15454039,1.95263517,0.84425384,-0.00403431,1.90189612,0.84687918,-0.14277053,2.11861396,0.81867212,0.35536933,2.06835818,0.80348945,0.30679622,NaN,NaN,NaN,2.70978665,0.91514277,0.42414618,2.52970457,0.8515361,0.41026512,2.32309818,0.78657651,0.39971882,NaN,NaN,NaN,2.73414779,0.84838772,0.19558594,NaN,NaN,NaN,2.78999138,0.87978429,-0.02860535,2.22456741,0.73289722,0.3443206,2.22927141,0.7177825,0.19595771,1.98960567,0.67540747,0.046883,1.93091893,0.63326573,-0.08659036,2.16367888,0.78328317,0.38370126,2.1020658,0.78786862,0.33586353,-0.01968743,0.41693541,0.69321442,0.00746065,0.51689309,-0.19949621,NaN,NaN,NaN,2.688074585,0.961830375,0.38971591,2.49332392,0.910087915,0.37329264,2.2912153,0.840993435,0.380387155,2.14114642,0.800977645,0.369535295,2.08521199,0.795679035,0.321329875,NaN,2.77866820587335,3.16507557154197,2.93760921183249
2.95,NaN,NaN,NaN,2.70341659,1.01814938,0.3526139,2.49883556,0.97597635,0.34624219,2.29965329,0.91289264,0.37337705,2.80860329,1.05596387,0.26200563,2.76756549,1.02076018,0.10247225,2.96028328,0.99850571,-0.03234645,3.03394127,1.03537214,-0.10393168,2.17398047,0.89354914,0.3054069,2.18987775,0.92073977,0.17138982,1.98118329,0.85990149,0.01355113,1.92025745,0.86398733,-0.12537536,2.159374,0.82767034,0.37344816,2.1073997,0.82223672,0.31655917,NaN,NaN,NaN,2.75341034,0.9255262,0.42303964,2.57843566,0.86017841,0.41812992,2.36680245,0.79763502,0.41017875,NaN,NaN,NaN,2.78602099,0.86728173,0.19175227,NaN,NaN,NaN,NaN,NaN,NaN,2.2637713,0.74621773,0.35855135,2.26450825,0.72288644,0.20988511,2.01857185,0.68266517,0.06938129,1.96425879,0.63030249,-0.06350619,2.20397711,0.79793656,0.39618301,2.14058495,0.79917198,0.34733891,-0.01968743,0.41693541,0.69321442,0.00746065,0.51689309,-0.19949621,NaN,NaN,NaN,2.728413465,0.97183779,0.38782677,2.53863561,0.91807738,0.382186055,2.33322787,0.85526383,0.3917779,2.181675555,0.81280345,0.384815585,2.123992325,0.81070435,0.33194904,NaN,2.82014836439539,3.21598416215348,NaN
2.958333,NaN,NaN,NaN,2.74157166,1.02724981,0.34899312,2.54167128,0.98372817,0.35510743,2.34051418,0.92860717,0.38486409,2.84464955,1.06656313,0.25373378,2.82163763,1.02501547,0.0975298,2.99629068,1.02199924,-0.04910589,3.07403994,1.04167414,-0.12629604,2.2082541,0.90545779,0.32034993,2.22080994,0.9293741,0.18500385,2.01072383,0.8673746,0.03188728,1.94515574,0.87824792,-0.10271464,2.20003438,0.83670455,0.38805079,2.1434679,0.8409667,0.32500881,NaN,NaN,NaN,2.79794431,0.93843019,0.42171782,2.62538123,0.87182409,0.42198151,2.41082621,0.80756545,0.41858283,NaN,NaN,NaN,NaN,NaN,NaN,NaN,NaN,NaN,NaN,NaN,NaN,2.30207205,0.75784284,0.3701677,2.30323434,0.72977906,0.22119191,2.05103421,0.6922949,0.09066845,1.99747777,0.63263702,-0.03690569,2.24303365,0.80646837,0.40723702,2.1753993,0.80909419,0.35964108,-0.01968743,0.41693541,0.69321442,0.00746065,0.51689309,-0.19949621,NaN,NaN,NaN,2.769757985,0.98284,0.38535547,2.583526255,0.92777613,0.38854447,2.375670195,0.86808631,0.40172346,2.221534015,0.82158646,0.397643905,2.1594336,0.825030445,0.342324945,NaN,2.86287108709818,3.2608350026793,NaN
2.966667,NaN,NaN,NaN,NaN,NaN,NaN,2.58625126,0.99109685,0.36310592,2.38301754,0.94022059,0.39580926,2.88298225,1.07564008,0.24641225,2.86706114,1.04240513,0.09827854,3.02381492,1.03433859,-0.06801493,3.09922218,1.05251646,-0.15033476,2.24329996,0.92146266,0.33244637,2.26048827,0.93240577,0.19435723,2.04284358,0.87221009,0.05670242,1.96936047,0.89548713,-0.07462232,2.24205112,0.8460927,0.39930901,2.17974949,0.85625088,0.33648729,NaN,NaN,NaN,NaN,NaN,NaN,2.67271996,0.88380772,0.42240566,2.45375776,0.81902605,0.42560074,NaN,NaN,NaN,NaN,NaN,NaN,NaN,NaN,NaN,NaN,NaN,NaN,2.34313369,0.76774114,0.38056934,2.34400296,0.73980808,0.23077101,2.08908081,0.70350158,0.11083392,2.03048301,0.64051086,-0.01149705,2.28357887,0.8208524,0.41788143,2.21283174,0.82111824,0.37168574,-0.01968743,0.41693541,0.69321442,0.00746065,0.51689309,-0.19949621,NaN,NaN,NaN,NaN,NaN,NaN,2.62948561,0.937452285,0.39275579,2.41838765,0.87962332,0.410705,2.262814995,0.83347255,0.40859522,2.196290615,0.83868456,0.354086515,NaN,NaN,3.29289168445428,NaN
2.975,NaN,NaN,NaN,NaN,NaN,NaN,NaN,NaN,NaN,NaN,NaN,NaN,2.92213202,1.08370161,0.24059497,2.90342093,1.05340552,0.100218,3.0431881,1.04135823,-0.08131114,3.11571074,1.06358528,-0.16945992,2.27506089,0.90807503,0.3382639,2.30598807,0.93257034,0.20072377,2.07407928,0.87949675,0.08063328,1.99720764,0.91121316,-0.04572739,2.28253245,0.85576117,0.40856716,2.21838069,0.86136061,0.34711975,NaN,NaN,NaN,NaN,NaN,NaN,2.72095513,0.89398789,0.42053956,2.49538779,0.83095449,0.43084773,NaN,NaN,NaN,NaN,NaN,NaN,NaN,NaN,NaN,NaN,NaN,NaN,2.38303423,0.7770251,0.38913459,2.38756704,0.74862957,0.23936716,2.12981057,0.71338838,0.12907591,2.06659484,0.64947885,0.01084564,2.32340622,0.83291215,0.4293578,2.25050902,0.83317453,0.38184091,-0.01968743,0.41693541,0.69321442,0.00746065,0.51689309,-0.19949621,NaN,NaN,NaN,NaN,NaN,NaN,NaN,NaN,NaN,NaN,NaN,NaN,2.302969335,0.84433666,0.41896248,2.234444855,0.84726757,0.36448033,NaN,NaN,3.31558211415504,NaN
2.983333,NaN,NaN,NaN,NaN,NaN,NaN,NaN,NaN,NaN,NaN,NaN,NaN,2.96287322,1.08979166,0.2362916,2.9340086,1.06454206,0.10235936,3.05704308,1.0478667,-0.09043114,NaN,NaN,NaN,NaN,NaN,NaN,NaN,NaN,NaN,2.10709023,0.88972372,0.10555147,2.02553988,0.92231011,-0.02014838,2.31964207,0.86751002,0.41823959,2.25842309,0.86126393,0.35952938,NaN,NaN,NaN,NaN,NaN,NaN,2.7707963,0.90133047,0.41738009,2.53785634,0.84117007,0.4361048,NaN,NaN,NaN,NaN,NaN,NaN,NaN,NaN,NaN,NaN,NaN,NaN,2.42481661,0.78690469,0.39739594,2.4325211,0.75784415,0.24693005,2.17164826,0.72413701,0.14724591,2.10754323,0.66297221,0.02585357,2.36325574,0.84646469,0.4406215,2.29417062,0.84606415,0.39281401,-0.01968743,0.41693541,0.69321442,0.00746065,0.51689309,-0.19949621,NaN,NaN,NaN,NaN,NaN,NaN,NaN,NaN,NaN,NaN,NaN,NaN,2.341448905,0.856987355,0.429430545,2.276296855,0.85366404,0.376171695,NaN,NaN,NaN,NaN
2.991667,NaN,NaN,NaN,NaN,NaN,NaN,NaN,NaN,NaN,NaN,NaN,NaN,3.00359869,1.09596252,0.23280071,2.96157765,1.07043839,0.1031001,3.06741357,1.05518281,-0.09680499,NaN,NaN,NaN,NaN,NaN,NaN,NaN,NaN,NaN,NaN,NaN,NaN,2.05492902,0.93327397,0.00407087,2.35395932,0.88072473,0.42883685,NaN,NaN,NaN,NaN,NaN,NaN,NaN,NaN,NaN,NaN,NaN,NaN,2.58084893,0.85130721,0.44102967,NaN,NaN,NaN,NaN,NaN,NaN,NaN,NaN,NaN,NaN,NaN,NaN,2.46592736,0.79931366,0.40568087,2.4773345,0.76846701,0.25392073,2.2123251,0.73169935,0.16389795,2.154742,0.67683923,0.03776908,2.40334773,0.85749334,0.4524751,2.33850765,0.86077362,0.40251264,-0.01968743,0.41693541,0.69321442,0.00746065,0.51689309,-0.19949621,NaN,NaN,NaN,NaN,NaN,NaN,NaN,NaN,NaN,NaN,NaN,NaN,2.378653525,0.869109035,0.440655975,NaN,NaN,NaN,NaN,NaN,NaN,NaN
3,NaN,NaN,NaN,NaN,NaN,NaN,NaN,NaN,NaN,NaN,NaN,NaN,NaN,NaN,NaN,NaN,NaN,NaN,NaN,NaN,NaN,NaN,NaN,NaN,NaN,NaN,NaN,NaN,NaN,NaN,NaN,NaN,NaN,NaN,NaN,NaN,NaN,NaN,NaN,NaN,NaN,NaN,NaN,NaN,NaN,NaN,NaN,NaN,NaN,NaN,NaN,NaN,NaN,NaN,NaN,NaN,NaN,NaN,NaN,NaN,NaN,NaN,NaN,NaN,NaN,NaN,2.50769258,0.81110561,0.41451314,2.52236795,0.78091782,0.26019675,2.25391507,0.73772776,0.1801544,2.20653152,0.69171214,0.04981348,2.44414306,0.86748016,0.46293959,2.387959,0.87127358,0.41360155,-0.01968743,0.41693541,0.69321442,0.00746065,0.51689309,-0.19949621,NaN,NaN,NaN,NaN,NaN,NaN,NaN,NaN,NaN,NaN,NaN,NaN,NaN,NaN,NaN,NaN,NaN,NaN,NaN,NaN,NaN,NaN
3.008333,NaN,NaN,NaN,NaN,NaN,NaN,NaN,NaN,NaN,NaN,NaN,NaN,NaN,NaN,NaN,NaN,NaN,NaN,NaN,NaN,NaN,NaN,NaN,NaN,NaN,NaN,NaN,NaN,NaN,NaN,NaN,NaN,NaN,NaN,NaN,NaN,NaN,NaN,NaN,NaN,NaN,NaN,NaN,NaN,NaN,NaN,NaN,NaN,NaN,NaN,NaN,NaN,NaN,NaN,NaN,NaN,NaN,NaN,NaN,NaN,NaN,NaN,NaN,NaN,NaN,NaN,NaN,NaN,NaN,2.56740379,0.79453707,0.2662558,NaN,NaN,NaN,2.25959253,0.70437914,0.06446715,2.48629451,0.877195,0.47340211,2.43864226,0.87854546,0.42465398,-0.01968743,0.41693541,0.69321442,0.00746065,0.51689309,-0.19949621,NaN,NaN,NaN,NaN,NaN,NaN,NaN,NaN,NaN,NaN,NaN,NaN,NaN,NaN,NaN,NaN,NaN,NaN,NaN,NaN,NaN,NaN
3.016667,NaN,NaN,NaN,NaN,NaN,NaN,NaN,NaN,NaN,NaN,NaN,NaN,NaN,NaN,NaN,NaN,NaN,NaN,NaN,NaN,NaN,NaN,NaN,NaN,NaN,NaN,NaN,NaN,NaN,NaN,NaN,NaN,NaN,NaN,NaN,NaN,NaN,NaN,NaN,NaN,NaN,NaN,NaN,NaN,NaN,NaN,NaN,NaN,NaN,NaN,NaN,NaN,NaN,NaN,NaN,NaN,NaN,NaN,NaN,NaN,NaN,NaN,NaN,NaN,NaN,NaN,NaN,NaN,NaN,NaN,NaN,NaN,NaN,NaN,NaN,NaN,NaN,NaN,NaN,NaN,NaN,NaN,NaN,NaN,-0.01968743,0.41693541,0.69321442,0.00746065,0.51689309,-0.19949621,NaN,NaN,NaN,NaN,NaN,NaN,NaN,NaN,NaN,NaN,NaN,NaN,NaN,NaN,NaN,NaN,NaN,NaN,NaN,NaN,NaN,NaN
3.025,NaN,NaN,NaN,NaN,NaN,NaN,NaN,NaN,NaN,NaN,NaN,NaN,NaN,NaN,NaN,NaN,NaN,NaN,NaN,NaN,NaN,NaN,NaN,NaN,NaN,NaN,NaN,NaN,NaN,NaN,NaN,NaN,NaN,NaN,NaN,NaN,NaN,NaN,NaN,NaN,NaN,NaN,NaN,NaN,NaN,NaN,NaN,NaN,NaN,NaN,NaN,NaN,NaN,NaN,NaN,NaN,NaN,NaN,NaN,NaN,NaN,NaN,NaN,NaN,NaN,NaN,NaN,NaN,NaN,NaN,NaN,NaN,NaN,NaN,NaN,NaN,NaN,NaN,NaN,NaN,NaN,NaN,NaN,NaN,-0.01968743,0.41693541,0.69321442,0.00746065,0.51689309,-0.19949621,NaN,NaN,NaN,NaN,NaN,NaN,NaN,NaN,NaN,NaN,NaN,NaN,NaN,NaN,NaN,NaN,NaN,NaN,NaN,NaN,NaN,NaN
3.033333,NaN,NaN,NaN,NaN,NaN,NaN,NaN,NaN,NaN,NaN,NaN,NaN,NaN,NaN,NaN,NaN,NaN,NaN,NaN,NaN,NaN,NaN,NaN,NaN,NaN,NaN,NaN,NaN,NaN,NaN,NaN,NaN,NaN,NaN,NaN,NaN,NaN,NaN,NaN,NaN,NaN,NaN,NaN,NaN,NaN,NaN,NaN,NaN,NaN,NaN,NaN,NaN,NaN,NaN,NaN,NaN,NaN,NaN,NaN,NaN,NaN,NaN,NaN,NaN,NaN,NaN,NaN,NaN,NaN,NaN,NaN,NaN,NaN,NaN,NaN,NaN,NaN,NaN,NaN,NaN,NaN,NaN,NaN,NaN,-0.01968743,0.41693541,0.69321442,0.00746065,0.51689309,-0.19949621,NaN,NaN,NaN,NaN,NaN,NaN,NaN,NaN,NaN,NaN,NaN,NaN,NaN,NaN,NaN,NaN,NaN,NaN,NaN,NaN,NaN,NaN
3.041667,NaN,NaN,NaN,NaN,NaN,NaN,NaN,NaN,NaN,NaN,NaN,NaN,NaN,NaN,NaN,NaN,NaN,NaN,NaN,NaN,NaN,NaN,NaN,NaN,NaN,NaN,NaN,NaN,NaN,NaN,NaN,NaN,NaN,NaN,NaN,NaN,NaN,NaN,NaN,NaN,NaN,NaN,NaN,NaN,NaN,NaN,NaN,NaN,NaN,NaN,NaN,NaN,NaN,NaN,NaN,NaN,NaN,NaN,NaN,NaN,NaN,NaN,NaN,NaN,NaN,NaN,NaN,NaN,NaN,NaN,NaN,NaN,NaN,NaN,NaN,NaN,NaN,NaN,NaN,NaN,NaN,NaN,NaN,NaN,-0.01968743,0.41693541,0.69321442,0.00746065,0.51689309,-0.19949621,NaN,NaN,NaN,NaN,NaN,NaN,NaN,NaN,NaN,NaN,NaN,NaN,NaN,NaN,NaN,NaN,NaN,NaN,NaN,NaN,NaN,NaN
3.05,NaN,NaN,NaN,NaN,NaN,NaN,NaN,NaN,NaN,NaN,NaN,NaN,NaN,NaN,NaN,NaN,NaN,NaN,NaN,NaN,NaN,NaN,NaN,NaN,NaN,NaN,NaN,NaN,NaN,NaN,NaN,NaN,NaN,NaN,NaN,NaN,NaN,NaN,NaN,NaN,NaN,NaN,NaN,NaN,NaN,NaN,NaN,NaN,NaN,NaN,NaN,NaN,NaN,NaN,NaN,NaN,NaN,NaN,NaN,NaN,NaN,NaN,NaN,NaN,NaN,NaN,NaN,NaN,NaN,NaN,NaN,NaN,NaN,NaN,NaN,NaN,NaN,NaN,NaN,NaN,NaN,NaN,NaN,NaN,-0.01968743,0.41693541,0.69321442,0.00746065,0.51689309,-0.19949621,NaN,NaN,NaN,NaN,NaN,NaN,NaN,NaN,NaN,NaN,NaN,NaN,NaN,NaN,NaN,NaN,NaN,NaN,NaN,NaN,NaN,NaN
3.058333,NaN,NaN,NaN,NaN,NaN,NaN,NaN,NaN,NaN,NaN,NaN,NaN,NaN,NaN,NaN,NaN,NaN,NaN,NaN,NaN,NaN,NaN,NaN,NaN,NaN,NaN,NaN,NaN,NaN,NaN,NaN,NaN,NaN,NaN,NaN,NaN,NaN,NaN,NaN,NaN,NaN,NaN,NaN,NaN,NaN,NaN,NaN,NaN,NaN,NaN,NaN,NaN,NaN,NaN,NaN,NaN,NaN,NaN,NaN,NaN,NaN,NaN,NaN,NaN,NaN,NaN,NaN,NaN,NaN,NaN,NaN,NaN,NaN,NaN,NaN,NaN,NaN,NaN,NaN,NaN,NaN,NaN,NaN,NaN,-0.01968743,0.41693541,0.69321442,0.00746065,0.51689309,-0.19949621,NaN,NaN,NaN,NaN,NaN,NaN,NaN,NaN,NaN,NaN,NaN,NaN,NaN,NaN,NaN,NaN,NaN,NaN,NaN,NaN,NaN,NaN
3.066667,NaN,NaN,NaN,NaN,NaN,NaN,NaN,NaN,NaN,NaN,NaN,NaN,NaN,NaN,NaN,NaN,NaN,NaN,NaN,NaN,NaN,NaN,NaN,NaN,NaN,NaN,NaN,NaN,NaN,NaN,NaN,NaN,NaN,NaN,NaN,NaN,NaN,NaN,NaN,NaN,NaN,NaN,NaN,NaN,NaN,NaN,NaN,NaN,NaN,NaN,NaN,NaN,NaN,NaN,NaN,NaN,NaN,NaN,NaN,NaN,NaN,NaN,NaN,NaN,NaN,NaN,NaN,NaN,NaN,NaN,NaN,NaN,NaN,NaN,NaN,NaN,NaN,NaN,NaN,NaN,NaN,NaN,NaN,NaN,-0.01968743,0.41693541,0.69321442,0.00746065,0.51689309,-0.19949621,NaN,NaN,NaN,NaN,NaN,NaN,NaN,NaN,NaN,NaN,NaN,NaN,NaN,NaN,NaN,NaN,NaN,NaN,NaN,NaN,NaN,NaN
3.075,NaN,NaN,NaN,NaN,NaN,NaN,NaN,NaN,NaN,NaN,NaN,NaN,NaN,NaN,NaN,NaN,NaN,NaN,NaN,NaN,NaN,NaN,NaN,NaN,NaN,NaN,NaN,NaN,NaN,NaN,NaN,NaN,NaN,NaN,NaN,NaN,NaN,NaN,NaN,NaN,NaN,NaN,NaN,NaN,NaN,NaN,NaN,NaN,NaN,NaN,NaN,NaN,NaN,NaN,NaN,NaN,NaN,NaN,NaN,NaN,NaN,NaN,NaN,NaN,NaN,NaN,NaN,NaN,NaN,NaN,NaN,NaN,NaN,NaN,NaN,NaN,NaN,NaN,NaN,NaN,NaN,NaN,NaN,NaN,-0.01968743,0.41693541,0.69321442,0.00746065,0.51689309,-0.19949621,NaN,NaN,NaN,NaN,NaN,NaN,NaN,NaN,NaN,NaN,NaN,NaN,NaN,NaN,NaN,NaN,NaN,NaN,NaN,NaN,NaN,NaN
3.083333,NaN,NaN,NaN,NaN,NaN,NaN,NaN,NaN,NaN,NaN,NaN,NaN,NaN,NaN,NaN,NaN,NaN,NaN,NaN,NaN,NaN,NaN,NaN,NaN,NaN,NaN,NaN,NaN,NaN,NaN,NaN,NaN,NaN,NaN,NaN,NaN,NaN,NaN,NaN,NaN,NaN,NaN,NaN,NaN,NaN,NaN,NaN,NaN,NaN,NaN,NaN,NaN,NaN,NaN,NaN,NaN,NaN,NaN,NaN,NaN,NaN,NaN,NaN,NaN,NaN,NaN,NaN,NaN,NaN,NaN,NaN,NaN,NaN,NaN,NaN,NaN,NaN,NaN,NaN,NaN,NaN,NaN,NaN,NaN,-0.01968743,0.41693541,0.69321442,0.00746065,0.51689309,-0.19949621,NaN,NaN,NaN,NaN,NaN,NaN,NaN,NaN,NaN,NaN,NaN,NaN,NaN,NaN,NaN,NaN,NaN,NaN,NaN,NaN,NaN,NaN
3.091667,NaN,NaN,NaN,NaN,NaN,NaN,NaN,NaN,NaN,NaN,NaN,NaN,NaN,NaN,NaN,NaN,NaN,NaN,NaN,NaN,NaN,NaN,NaN,NaN,NaN,NaN,NaN,NaN,NaN,NaN,NaN,NaN,NaN,NaN,NaN,NaN,NaN,NaN,NaN,NaN,NaN,NaN,NaN,NaN,NaN,NaN,NaN,NaN,NaN,NaN,NaN,NaN,NaN,NaN,NaN,NaN,NaN,NaN,NaN,NaN,NaN,NaN,NaN,NaN,NaN,NaN,NaN,NaN,NaN,NaN,NaN,NaN,NaN,NaN,NaN,NaN,NaN,NaN,NaN,NaN,NaN,NaN,NaN,NaN,-0.01968743,0.41693541,0.69321442,0.00746065,0.51689309,-0.19949621,NaN,NaN,NaN,NaN,NaN,NaN,NaN,NaN,NaN,NaN,NaN,NaN,NaN,NaN,NaN,NaN,NaN,NaN,NaN,NaN,NaN,NaN
3.1,NaN,NaN,NaN,NaN,NaN,NaN,NaN,NaN,NaN,NaN,NaN,NaN,NaN,NaN,NaN,NaN,NaN,NaN,NaN,NaN,NaN,NaN,NaN,NaN,NaN,NaN,NaN,NaN,NaN,NaN,NaN,NaN,NaN,NaN,NaN,NaN,NaN,NaN,NaN,NaN,NaN,NaN,NaN,NaN,NaN,NaN,NaN,NaN,NaN,NaN,NaN,NaN,NaN,NaN,NaN,NaN,NaN,NaN,NaN,NaN,NaN,NaN,NaN,NaN,NaN,NaN,NaN,NaN,NaN,NaN,NaN,NaN,NaN,NaN,NaN,NaN,NaN,NaN,NaN,NaN,NaN,NaN,NaN,NaN,-0.01968743,0.41693541,0.69321442,0.00746065,0.51689309,-0.19949621,NaN,NaN,NaN,NaN,NaN,NaN,NaN,NaN,NaN,NaN,NaN,NaN,NaN,NaN,NaN,NaN,NaN,NaN,NaN,NaN,NaN,NaN
3.108333,NaN,NaN,NaN,NaN,NaN,NaN,NaN,NaN,NaN,NaN,NaN,NaN,NaN,NaN,NaN,NaN,NaN,NaN,NaN,NaN,NaN,NaN,NaN,NaN,NaN,NaN,NaN,NaN,NaN,NaN,NaN,NaN,NaN,NaN,NaN,NaN,NaN,NaN,NaN,NaN,NaN,NaN,NaN,NaN,NaN,NaN,NaN,NaN,NaN,NaN,NaN,NaN,NaN,NaN,NaN,NaN,NaN,NaN,NaN,NaN,NaN,NaN,NaN,NaN,NaN,NaN,NaN,NaN,NaN,NaN,NaN,NaN,NaN,NaN,NaN,NaN,NaN,NaN,NaN,NaN,NaN,NaN,NaN,NaN,-0.01968743,0.41693541,0.69321442,0.00746065,0.51689309,-0.19949621,NaN,NaN,NaN,NaN,NaN,NaN,NaN,NaN,NaN,NaN,NaN,NaN,NaN,NaN,NaN,NaN,NaN,NaN,NaN,NaN,NaN,NaN
3.116667,NaN,NaN,NaN,NaN,NaN,NaN,NaN,NaN,NaN,NaN,NaN,NaN,NaN,NaN,NaN,NaN,NaN,NaN,NaN,NaN,NaN,NaN,NaN,NaN,NaN,NaN,NaN,NaN,NaN,NaN,NaN,NaN,NaN,NaN,NaN,NaN,NaN,NaN,NaN,NaN,NaN,NaN,NaN,NaN,NaN,NaN,NaN,NaN,NaN,NaN,NaN,NaN,NaN,NaN,NaN,NaN,NaN,NaN,NaN,NaN,NaN,NaN,NaN,NaN,NaN,NaN,NaN,NaN,NaN,NaN,NaN,NaN,NaN,NaN,NaN,NaN,NaN,NaN,NaN,NaN,NaN,NaN,NaN,NaN,-0.01968743,0.41693541,0.69321442,0.00746065,0.51689309,-0.19949621,NaN,NaN,NaN,NaN,NaN,NaN,NaN,NaN,NaN,NaN,NaN,NaN,NaN,NaN,NaN,NaN,NaN,NaN,NaN,NaN,NaN,NaN
3.125,NaN,NaN,NaN,NaN,NaN,NaN,NaN,NaN,NaN,NaN,NaN,NaN,NaN,NaN,NaN,NaN,NaN,NaN,NaN,NaN,NaN,NaN,NaN,NaN,NaN,NaN,NaN,NaN,NaN,NaN,NaN,NaN,NaN,NaN,NaN,NaN,NaN,NaN,NaN,NaN,NaN,NaN,NaN,NaN,NaN,NaN,NaN,NaN,NaN,NaN,NaN,NaN,NaN,NaN,NaN,NaN,NaN,NaN,NaN,NaN,NaN,NaN,NaN,NaN,NaN,NaN,NaN,NaN,NaN,NaN,NaN,NaN,NaN,NaN,NaN,NaN,NaN,NaN,NaN,NaN,NaN,NaN,NaN,NaN,-0.01968743,0.41693541,0.69321442,0.00746065,0.51689309,-0.19949621,NaN,NaN,NaN,NaN,NaN,NaN,NaN,NaN,NaN,NaN,NaN,NaN,NaN,NaN,NaN,NaN,NaN,NaN,NaN,NaN,NaN,NaN
3.133333,NaN,NaN,NaN,NaN,NaN,NaN,NaN,NaN,NaN,NaN,NaN,NaN,NaN,NaN,NaN,NaN,NaN,NaN,NaN,NaN,NaN,NaN,NaN,NaN,NaN,NaN,NaN,NaN,NaN,NaN,NaN,NaN,NaN,NaN,NaN,NaN,NaN,NaN,NaN,NaN,NaN,NaN,NaN,NaN,NaN,NaN,NaN,NaN,NaN,NaN,NaN,NaN,NaN,NaN,NaN,NaN,NaN,NaN,NaN,NaN,NaN,NaN,NaN,NaN,NaN,NaN,NaN,NaN,NaN,NaN,NaN,NaN,NaN,NaN,NaN,NaN,NaN,NaN,NaN,NaN,NaN,NaN,NaN,NaN,-0.01968743,0.41693541,0.69321442,0.00746065,0.51689309,-0.19949621,NaN,NaN,NaN,NaN,NaN,NaN,NaN,NaN,NaN,NaN,NaN,NaN,NaN,NaN,NaN,NaN,NaN,NaN,NaN,NaN,NaN,NaN
3.141667,NaN,NaN,NaN,NaN,NaN,NaN,NaN,NaN,NaN,NaN,NaN,NaN,NaN,NaN,NaN,NaN,NaN,NaN,NaN,NaN,NaN,NaN,NaN,NaN,NaN,NaN,NaN,NaN,NaN,NaN,NaN,NaN,NaN,NaN,NaN,NaN,NaN,NaN,NaN,NaN,NaN,NaN,NaN,NaN,NaN,NaN,NaN,NaN,NaN,NaN,NaN,NaN,NaN,NaN,NaN,NaN,NaN,NaN,NaN,NaN,NaN,NaN,NaN,NaN,NaN,NaN,NaN,NaN,NaN,NaN,NaN,NaN,NaN,NaN,NaN,NaN,NaN,NaN,NaN,NaN,NaN,NaN,NaN,NaN,-0.01968743,0.41693541,0.69321442,0.00746065,0.51689309,-0.19949621,NaN,NaN,NaN,NaN,NaN,NaN,NaN,NaN,NaN,NaN,NaN,NaN,NaN,NaN,NaN,NaN,NaN,NaN,NaN,NaN,NaN,NaN
3.15,NaN,NaN,NaN,NaN,NaN,NaN,NaN,NaN,NaN,NaN,NaN,NaN,NaN,NaN,NaN,NaN,NaN,NaN,NaN,NaN,NaN,NaN,NaN,NaN,NaN,NaN,NaN,NaN,NaN,NaN,NaN,NaN,NaN,NaN,NaN,NaN,NaN,NaN,NaN,NaN,NaN,NaN,NaN,NaN,NaN,NaN,NaN,NaN,NaN,NaN,NaN,NaN,NaN,NaN,NaN,NaN,NaN,NaN,NaN,NaN,NaN,NaN,NaN,NaN,NaN,NaN,NaN,NaN,NaN,NaN,NaN,NaN,NaN,NaN,NaN,NaN,NaN,NaN,NaN,NaN,NaN,NaN,NaN,NaN,-0.01968743,0.41693541,0.69321442,0.00746065,0.51689309,-0.19949621,NaN,NaN,NaN,NaN,NaN,NaN,NaN,NaN,NaN,NaN,NaN,NaN,NaN,NaN,NaN,NaN,NaN,NaN,NaN,NaN,NaN,NaN
3.158333,NaN,NaN,NaN,NaN,NaN,NaN,NaN,NaN,NaN,NaN,NaN,NaN,NaN,NaN,NaN,NaN,NaN,NaN,NaN,NaN,NaN,NaN,NaN,NaN,NaN,NaN,NaN,NaN,NaN,NaN,NaN,NaN,NaN,NaN,NaN,NaN,NaN,NaN,NaN,NaN,NaN,NaN,NaN,NaN,NaN,NaN,NaN,NaN,NaN,NaN,NaN,NaN,NaN,NaN,NaN,NaN,NaN,NaN,NaN,NaN,NaN,NaN,NaN,NaN,NaN,NaN,NaN,NaN,NaN,NaN,NaN,NaN,NaN,NaN,NaN,NaN,NaN,NaN,NaN,NaN,NaN,NaN,NaN,NaN,-0.01968744,0.41693544,0.69321442,0.00746073,0.51689297,-0.19949618,NaN,NaN,NaN,NaN,NaN,NaN,NaN,NaN,NaN,NaN,NaN,NaN,NaN,NaN,NaN,NaN,NaN,NaN,NaN,NaN,NaN,NaN
