Time,ring_jump_1_left_shoulder_angle,ring_jump_1_left_shoulder_angle_v,ring_jump_1_left_shoulder_angle_a,ring_jump_1_left_elbow_angle,ring_jump_1_left_elbow_angle_v,ring_jump_1_left_elbow_angle_a,ring_jump_1_left_wrist_angle,ring_jump_1_left_wrist_angle_v,ring_jump_1_left_wrist_angle_a,ring_jump_1_left_hip_angle,ring_jump_1_left_hip_angle_v,ring_jump_1_left_hip_angle_a,ring_jump_1_left_knee_angle,ring_jump_1_left_knee_angle_v,ring_jump_1_left_knee_angle_a,ring_jump_1_left_ankle_angle,ring_jump_1_left_ankle_angle_v,ring_jump_1_left_ankle_angle_a,ring_jump_1_right_shoulder_angle,ring_jump_1_right_shoulder_angle_v,ring_jump_1_right_shoulder_angle_a,ring_jump_1_right_elbow_angle,ring_jump_1_right_elbow_angle_v,ring_jump_1_right_elbow_angle_a,ring_jump_1_right_wrist_angle,ring_jump_1_right_wrist_angle_v,ring_jump_1_right_wrist_angle_a,ring_jump_1_right_hip_angle,ring_jump_1_right_hip_angle_v,ring_jump_1_right_hip_angle_a,ring_jump_1_right_knee_angle,ring_jump_1_right_knee_angle_v,ring_jump_1_right_knee_angle_a,ring_jump_1_right_ankle_angle,ring_jump_1_right_ankle_angle_v,ring_jump_1_right_ankle_angle_a,ring_jump_1_temple_spine_angle,ring_jump_1_temple_spine_angle_v,ring_jump_1_temple_spine_angle_a,ring_jump_1_spine_angle,ring_jump_1_spine_angle_v,ring_jump_1_spine_angle_a,ring_jump_1_spine_tail_angle,ring_jump_1_spine_tail_angle_v,ring_jump_1_spine_tail_angle_a,NeckAng,SpineAng,TailAng
2.525,114.83522797,258.80950928,-6205.93310547,118.21994019,111.87835693,-3908.38842773,169.73396301,36.14135742,-2060.95263672,97.63289642,54.55078125,-3612.74047852,57.63115311,102.26989746,3072.57666016,101.21611786,117.64343262,-4330.56152344,110.65442657,216.45812988,2568.31982422,105.05717468,234.27337646,1266.98828125,159.59707642,284.0057373,-11836.55859375,93.69050598,191.96640015,-2167.82861328,54.64522171,180.62004089,2877.55834961,88.90535736,198.6946106,-733.42987061,164.77227783,-1.73492432,-2951.26464844,172.65621948,9.56726074,-3970.12573242,134.27085876,644.09680176,-22068.59179688,2.80314472440714,5.75517674440766,10.7573664687633
2.533333,116.91275024,207.50556946,-6387.79541016,119.10077667,79.33898926,-3991.65234375,169.56286621,24.91897583,-2608.22509766,98.55345917,17.58346558,-2551.0078125,58.67275238,127.27897644,3266.6328125,102.05784607,67.79075623,-2540.93652344,112.46240997,262.92901611,-928.60687256,106.64992523,278.16329956,-3088.41699219,161.50474548,176.47186279,-10829.09863281,95.84139252,175.64079285,-2789.67822266,56.27722549,214.92739868,1673.19348145,90.45565033,205.22224426,-2346.60449219,164.60401917,-30.8996582,-2158.20288086,172.37516785,-34.49798584,-2264.68164063,140.37619019,387.22344971,-12135.80273438,2.9341346186193,5.72813620596425,9.60425029649862
2.541667,118.40122223,165.98762512,-6369.70458984,119.82380676,51.82899475,-3977.23925781,169.16546631,2.50762939,-2195.58081055,98.53276825,3.79119873,-1831.12719727,59.73992157,148.60705566,3456.10742188,102.14897156,71.15386963,-2181.54418945,115.38032532,222.08831787,-1945.17944336,110.20056152,202.89482117,-3829.70385742,163.13778687,114.89837646,-10128.43945313,97.2615509,157.96401978,-3573.36010742,58.3766098,206.05944824,1670.94702148,92.61737823,167.20481873,-2730.91748047,164.37782288,-44.33868408,-1499.26452637,172.24079895,-39.82269287,-1657.25524902,143.45394897,380.20492554,-9465.21289063,3.03937184975358,5.90995891137229,8.52635957455906
2.55,120.08975983,90.99014282,-5838.09619141,119.98941803,8.92555237,-3550.67553711,170.21894836,-45.85906982,-2385.44384766,98.34705353,-10.9147644,-469.35836792,61.03941727,186.9354248,3616.15136719,102.46865845,52.51625061,-610.14172363,117.59887695,192.50015259,-4635.45117188,112.32368469,151.78466797,-6866.22363281,162.94839478,4.40261841,-7345.80517578,98.25469971,126.94442749,-4019.87231445,60.48007584,223.44036865,679.05303955,94.12483215,136.42707825,-4210.93798828,163.29289246,-59.24621582,-561.14837646,170.73789978,-51.56036377,-796.67572021,141.21586609,353.30581665,-929.39453125,3.14405480396165,6.22331074665103,8.1614698443465
2.558333,120.3094635,41.34559631,-4862.2109375,119.96791077,-23.56742859,-2836.71728516,170.27374268,-44.86083984,-1897.85461426,97.50717163,-7.72590637,243.51669312,62.57950211,218.37481689,3792.78222656,102.9547348,53.69247437,67.61966705,119.28650665,135.32470703,-5270.15966797,113.35744476,82.6184845,-6867.20166016,162.91731262,-62.69165039,-4989.87988281,99.21057892,73.62060547,-4295.19140625,62.04817963,229.02294922,517.83642578,95.11490631,102.16072083,-4381.12304688,163.33653259,-53.34579468,366.76361084,170.91175842,-35.98495483,-719.27276611,144.00772095,374.13726807,1210.50537109,3.14895806659163,6.24543574614955,7.28327339454307
2.566667,120.21616364,3.36280823,-2776.36767578,119.3813324,-46.51000977,-1553.91882324,168.35733032,-58.64532471,-64.14611816,97.61932373,6.60736084,194.68795776,64.74407196,248.72505188,3257.60205078,103.57566833,59.43244934,124.72190857,119.3560791,77.4747467,-4137.93505859,112.3596344,7.60719299,-4554.85595703,161.73849487,-84.36767578,-2419.44262695,99.7328949,32.56332397,-4318.40527344,63.65778351,229.27658081,509.91958618,95.12150574,53.01292419,-3220.53173828,162.07328796,-43.04443359,1637.65234375,170.24597168,-38.7109375,-425.60852051,148.54917908,425.75531006,-2612.84204102,3.23227513947306,6.45223776741938,5.9792840869225
2.575,119.36287689,-16.50276184,-444.66558838,118.79117584,-53.65379333,82.0072937,167.5925293,-70.73532104,1147.72241211,97.86712646,19.06021118,-589.00805664,67.08485413,281.20709229,2034.98339844,104.27321625,66.0774231,70.73589325,119.50914764,38.32504272,-2800.62841797,111.81352234,-34.1355896,-2659.72802734,160.20663452,-68.83056641,284.86361694,100.13809204,2.82394409,-3524.73730469,65.77919769,230.7612915,-62.75192261,95.55549622,14.62333679,-2024.68383789,162.59629822,-35.74813843,2397.9140625,170.75231934,-60.62240601,-355.44219971,156.10443115,458.28918457,-4677.37109375,3.16584247261832,6.6732488820947,4.95491481746637
2.583333,119.58214569,-2.3815155,974.99841309,118.30860138,-44.51622009,1684.10449219,167.31001282,-45.63278198,1738.15551758,98.71360016,12.44766235,-2404.00878906,69.50772095,302.09991455,542.64770508,104.48208618,70.55839539,-379.93240356,119.59705353,29.36462402,-1434.1394043,111.89000702,-28.98414612,-1022.60516357,159.80291748,-53.69888306,1187.44482422,99.21538544,-22.96821594,-2277.13598633,67.89202881,235.25515747,-570.06115723,95.88721466,8.71658325,-733.71350098,162.01571655,-6.09481812,2128.70800781,170.6811676,-72.68569946,-557.65197754,159.24977112,340.80429077,-4483.04052734,3.22850451568132,6.91929340914674,4.41477453562317
2.591667,119.45317078,30.90011597,1952.26513672,117.83837891,-19.69345093,3065.88867188,167.24569702,-8.70803833,2250.50488281,98.68491364,-13.79722595,-4320.0625,71.99837494,296.03570557,-1679.58996582,105.10182953,60.7559967,-961.60198975,120.07907867,45.26916504,-683.2208252,111.68318176,2.80677795,141.59332275,159.722229,-29.58190918,911.20880127,99.15570831,-42.30056763,-1549.44848633,70.07775116,231.07292175,-1148.05895996,95.41631317,29.0599823,630.5012207,162.07658386,32.44918823,1375.66101074,168.86286926,-56.55776978,548.29162598,160.5372467,188.05099487,-3315.65063477,3.18164113215367,7.49174424076382,4.01950532307514
2.6,119.98788452,54.32357788,2036.25390625,117.86915588,11.63520813,3564.79052734,167.76568604,5.94085693,1112.54980469,98.52062988,-66.12861633,-5398.05371094,74.89218903,273.79876709,-4557.85302734,105.78683472,46.55487061,-1943.17810059,120.38117218,49.21340942,-241.27105713,111.73308563,6.34727478,875.515625,160.47134399,-25.74050903,601.38409424,98.61612701,-45.60035706,-1232.72888184,71.69960022,216.02684021,-1795.69812012,95.43800354,42.03804016,1050.27648926,161.8180542,42.25143433,-180.89172363,167.84733582,-62.0791626,1595.76757813,161.22218323,176.90536499,328.39752197,3.23391527331112,7.87473737494292,3.53533342613029
2.608333,120.57945251,64.28039551,978.29095459,117.97507477,54.91699219,3137.64746094,167.21102905,31.302948,-608.51928711,97.36764526,-136.54129028,-5131.84375,77.27420807,229.41169739,-6865.30566406,106.46085358,32.37495422,-2985.84863281,121.00118256,37.11669922,20.46875,111.88363647,-7.39349365,1503.30944824,159.78305054,-37.43591309,762.78729248,98.51291656,-43.39767456,-1065.92431641,73.50565338,193.91212463,-2426.32568359,95.84224701,51.41471863,121.08535767,163.16612244,30.80307007,-2712.40917969,167.54092407,-45.76812744,1126.09350586,159.35940552,266.43539429,4433.82910156,3.17943043820279,8.38504865866435,2.97611875435141
2.616667,121.48206329,73.35708618,-105.26939392,118.66513824,89.32044983,2527.67260742,167.80187988,8.28567505,-1248.22973633,96.63772583,-186.91246033,-2966.65039063,78.9755249,153.55773926,-7414.03564453,106.38178253,8.43818665,-3731.51293945,121.52490234,17.34031677,203.22219849,112.24344635,-12.75840759,2372.61010742,159.47259521,-41.38809204,1326.38024902,98.02023315,-55.63682556,-1186.13671875,75.04917908,169.63523865,-3010.93383789,97.21272278,56.80107117,-1310.92749023,163.88053894,-5.68435669,-4852.61035156,168.5836792,-8.85879517,489.28436279,162.55311584,369.2024231,2727.7722168,3.42074994672028,8.5951240027173,2.07884444409919
2.625,121.83114624,63.94996643,-421.3081665,119.5280838,98.14552307,2038.26342773,167.61387634,-38.90197754,-1291.98059082,94.2310791,-212.96783447,965.87860107,80.122612,57.73117065,-6398.43847656,106.22817993,-34.38011169,-3612.87158203,121.49349976,27.68692017,513.73321533,111.78898621,21.12586975,3418.55297852,158.21327209,-25.63476563,2322.49829102,97.59536743,-69.97543335,-1830.81311035,76.52909088,146.84623718,-3763.59692383,97.67964172,37.64526367,-2432.58837891,163.94865417,-62.14355469,-5677.73193359,167.90834045,-7.7923584,433.44024658,168.82170105,457.01583862,-3787.14331055,3.74611683324136,9.06197066425093,0.783668438798112
2.633333,122.50530243,45.19500732,-452.58242798,121.08111572,95.9362793,1696.57873535,169.0140686,-54.6685791,-789.23309326,92.01763153,-191.33895874,4486.76269531,80.10790253,-9.85168457,-4625.90527344,105.92194366,-78.64173889,-2026.31140137,121.21244049,47.62573242,687.6282959,111.2881012,80.46005249,3913.65161133,158.28152466,11.34048462,2826.25708008,97.01078033,-88.25111389,-2727.32495117,77.56567383,117.5415802,-4673.30419922,97.82365417,3.26477051,-3434.94848633,162.37815857,-132.84713745,-5620.04785156,168.01707458,-30.78567505,-321.27685547,173.41848755,373.04550171,-12020.32714844,4.23252221982798,9.13646511716772,0.406422876932337
2.641667,122.83613586,39.70298767,-239.30984497,121.77241516,107.87742615,2208.23950195,166.41096497,-43.4286499,930.82275391,89.97212219,-114.9344635,5865.68115234,79.36647797,-17.69233704,-2141.20532227,105.45430756,-113.23532104,267.72598267,121.01556396,64.71580505,220.15991211,111.52716064,127.65846252,3305.85473633,158.71110535,48.32901001,2526.76879883,96.07811737,-104.88189697,-3515.57739258,78.34822845,76.73416138,-5416.32617188,97.47199249,-38.74809265,-3956.12280273,160.77433777,-181.02325439,-4978.13867188,167.57023621,-42.23144531,-1032.29833984,178.72787476,157.51998901,-20059.61132813,4.73284567088204,9.32871667483609,2.13921957274549
2.65,122.95465088,48.30383301,563.40612793,122.11732483,131.52267456,3531.4387207,165.66003418,-18.62335205,1955.17089844,88.7960434,-12.23373413,5093.71142578,77.96710968,-0.85121155,36.9048996,103.90906525,-91.24557495,1014.18835449,122.80897522,62.19604492,-550.18218994,114.15684509,148.94271851,2129.47949219,159.66091919,76.25320435,1882.0345459,95.17090607,-139.94697571,-3962.54980469,79.0067749,18.01979065,-5539.48486328,96.73894501,-68.11958313,-3667.64013672,158.88053894,-206.84005737,-3797.68334961,166.88340759,-35.96496582,-298.9050293,177.89494324,-54.39834595,-22201.47070313,5.20552635827859,9.64625045188941,3.07921285338912
2.658333,123.01889801,55.53634644,1250.73156738,122.6681366,164.49485779,4401.49658203,165.14379883,5.16586304,1304.56030273,89.94855499,36.20193481,2775.46459961,78.17081451,6.38648987,-561.46044922,102.56193542,-29.60342407,-747.98339844,123.64357758,42.18933105,-775.76428223,116.5464325,143.84376526,1716.56445313,160.55441284,70.75088501,1229.44396973,93.99279022,-185.0957489,-4024.24804688,79.18656921,-41.33003235,-4720.47802734,96.49745941,-103.35250854,-2977.47924805,157.34570313,-227.94647217,-2688.57958984,166.78338623,-43.79486084,898.93768311,173.45332336,-303.75411987,-18112.47265625,5.78862043525161,10.0079121910538,4.06412382828798
2.666667,123.76976013,68.28063965,1231.34277344,124.6734848,216.07475281,4087.97167969,166.83900452,33.7612915,353.6340332,91.62361908,24.41040039,-324.18624878,79.79151154,20.13549805,-3525.23364258,101.28025055,6.93077087,-3684.36035156,124.53122711,17.86888123,-504.58465576,117.79797363,133.55773926,2527.76782227,161.02058411,67.96386719,882.51098633,92.6727066,-229.088974,-3585.89941406,78.57928467,-85.21232605,-2956.21655273,95.28327179,-121.90963745,-2131.79150391,155.67320251,-248.1817627,-2301.04345703,166.37359619,-42.93197632,1114.40917969,170.84385681,-469.96765137,-14660.66699219,6.39892313213787,10.5513626922365,4.42898905594921
2.675,124.60679626,86.39602661,851.81445313,127.03900909,266.93658447,3111.66308594,168.24841309,16.65054321,523.8659668,92.97995758,-25.03845215,-2526.67285156,80.31040192,-2.35458374,-5575.34912109,103.71689606,-65.99914551,-6903.85791016,123.14123535,17.68325806,278.75183105,117.36943817,154.43481445,3784.13330078,161.46278381,74.43023682,1322.19360352,90.14289093,-253.92036438,-2427.2355957,77.01061249,-99.56993103,-331.47763062,94.51950073,-137.09907532,-1306.3157959,153.50360107,-264.23721313,-2273.15454102,166.44506836,-14.96948242,1052.06811523,166.57948303,-475.89645386,-11343.48535156,7.2933912763118,10.6094139265212,6.12006083920434
2.683333,125.4280777,94.54246521,273.94830322,129.7310791,289.49060059,1718.28564453,167.59698486,-10.01754761,1244.95544434,91.26203156,-59.1532135,-2024.06005859,79.69637299,-99.6635437,-5842.80126953,104.82636261,-204.61357117,-9019.21875,122.56497192,36.6342926,674.27429199,117.38517761,211.16264343,3770.16625977,161.42253113,91.99142456,2054.34423828,87.5452652,-267.62762451,-1244.78405762,75.66688538,-86.74858093,2549.94604492,92.3430481,-144.20555115,-773.55773926,150.67886353,-281.91741943,-2197.88598633,165.60565186,6.89315796,1592.39196777,161.30862427,-500.26626587,-6811.07568359,8.34238871767266,10.5435016256421,7.67875360542827
2.691667,126.10231781,90.89126587,-688.3269043,132.14030457,281.13937378,-98.86306763,166.79521179,-10.45516968,2284.14086914,89.06793213,-82.77198792,340.5317688,78.83162689,-203.84407043,-4960.23535156,103.82806396,-309.71450806,-7186.55859375,123.02453613,53.72833252,-256.74911499,119.80175781,280.58151245,1835.92895508,162.72659302,115.19775391,1617.12316895,84.83630371,-267.61383057,-783.52081299,74.96662903,-53.84246826,5044.109375,91.77981567,-140.57388306,-126.54922485,148.33901978,-302.50167847,-2208.02001953,165.55934143,4.29138184,1688.47473145,157.94140625,-618.27636719,-5088.77832031,9.33196974181152,10.5236180942182,8.99754399357387
2.7,126.95448303,80.6526947,-1662.54199219,134.54464722,268.11767578,-1353.15332031,165.27745056,48.0847168,1949.85229492,87.71347046,-71.30447388,1889.24206543,76.26151276,-233.24211121,-1769.34082031,96.3391037,-368.99612427,-599.48791504,125.13518524,68.57955933,-1883.35766602,124.20658112,311.9864502,-680.10803223,163.83125305,144.65438843,1412.37963867,83.33298492,-259.36437988,-541.40820313,75.29705048,6.47476196,7307.43505859,90.13987732,-142.47589111,1912.79870605,145.85227966,-321.92504883,-2208.12988281,166.80084229,8.85101318,1080.66381836,153.66653442,-676.12884521,-4289.73339844,10.4767522350356,10.4298908814892,10.0521637100322
2.708333,127.56251526,61.46034241,-2686.93017578,136.54321289,251.30661011,-1476.13085938,166.20959473,96.02645874,-3797.375,89.11056519,-14.34700012,1640.3548584,73.32551575,-208.56925964,4318.25439453,90.78096771,-354.79315186,6753.203125,126.09022522,32.03208923,-3392.85595703,127.8578949,256.45721436,-3428.43457031,165.49131775,153.14102173,-176.12168884,81.2048645,-266.2746582,579.50915527,75.53781891,75.60699463,10024.4765625,89.7447052,-144.33799744,4856.24414063,143.64289856,-338.19274902,-1849.79553223,166.67669678,32.22488403,958.84552002,148.02876282,-694.2088623,1062.29125977,11.509090730143,10.8496470926075,11.4840845908985
2.716667,128.28608704,34.90684509,-4638.18066406,138.49450684,230.16021729,-2491.87255859,168.65167236,122.29278564,-14577.63476563,89.04789734,33.6832428,292.6322937,70.65066528,-156.29524231,10817.8671875,89.04991913,-245.73753357,12258.14453125,125.96281433,-27.11212158,-5259.09082031,130.18400574,175.00869751,-6900.25439453,166.63381958,121.87820435,-8723.09375,79.39748383,-284.04168701,2258.40136719,75.90807343,157.68791199,13085.44238281,88.30851746,-108.72802734,8512.24511719,140.33792114,-357.56072998,-704.85015869,166.56613159,43.19732666,1299.44921875,138.45272827,-682.79418945,8467.91796875,12.8860412108011,10.8414698283367,13.6134173917998
2.725,128.3508606,5.42297363,-7602.80957031,140.56176758,224.48898315,-6894.75488281,171.10797119,-19.65499878,-23774.63867188,89.76725006,17.83737183,-1935.35131836,70.64770508,-58.43536377,15289.2578125,89.74274445,-62.17773438,16504.12695313,124.87342834,-75.80657959,-6554.07910156,129.55567932,129.36950684,-9856.75,168.03955078,137.9019165,-18753.85546875,76.51922607,-272.74688721,4361.71972656,77.46947479,269.93225098,16216.14648438,86.74058533,-0.20935059,14089.78515625,137.05050659,-367.26913452,2351.2421875,166.4112854,43.27560425,84.17816162,133.64007568,-601.47473145,12227.88867188,13.5683302360898,11.282621720981,14.2845178990694
2.733333,128.19767761,-55.27854919,-10417.62109375,142.21533203,210.03845215,-14169.74316406,170.78208923,-375.61294556,-26652.7109375,89.24516296,-38.64974976,-4415.91845703,70.95972443,120.54382324,18290.88476563,90.57118988,90.63568115,19126.25976563,123.08631897,-119.40979004,-6626.33105469,128.64393616,69.20120239,-12338.0234375,168.44480896,-22.66021729,-20539.59960938,73.58661652,-206.4074707,7000.32470703,79.67125702,429.19152832,19420.9609375,85.861763,132.02590942,20845.82226563,133.77342224,-359.15130615,8530.4921875,167.31796265,50.64743042,-4107.54443359,128.25393677,-405.91119385,13470.48242188,14.5925331352334,10.8536091740507,15.0577157305465
2.741667,127.67183685,-171.41815186,-12104.2890625,143.77565002,90.24124146,-21546.31054688,169.3460083,-782.43652344,-23156.22265625,89.59616089,-102.41386414,-5694.05761719,71.76177979,320.88363647,20215.63476563,90.0194931,233.6415863,19228.25,122.8894043,-189.25010681,-7015.69287109,130.25198364,-46.58416748,-15602.87207031,168.43611145,-458.36532593,-19802.26953125,71.28581238,-126.3873291,8692.42578125,84.14668274,614.98291016,21411.953125,87.876091,317.20306396,25297.72460938,130.75770569,-297.71331787,16901.92382813,168.51750183,50.4309082,-10016.69335938,127.40600586,-222.27836609,13329.9140625,15.3801162699482,10.4202158777107,14.4135187570731
2.75,126.87542725,-318.01437378,-11864.61132813,145.77409363,-180.59738159,-26423.36328125,157.94017029,-975.27209473,-11580.11425781,88.18302917,-146.563797,-4478.2109375,73.92041779,490.86450195,19009.14453125,91.69819641,394.61401367,17311.80664063,122.04953766,-242.75619507,-7203.87988281,132.39584351,-201.27922058,-17047.80859375,170.197052,-717.36645508,-18248.54882813,71.1737442,-31.07215881,7935.66210938,89.77084351,817.00128174,19786.83007813,92.43859863,581.49462891,25027.94140625,128.43087769,-127.48123169,23846.40820313,168.59979248,-38.33053589,-14101.78222656,125.45870972,-163.44856262,8533.6171875,16.579576277409,9.60079375428597,14.2925361112761
2.758333,123.69129181,-438.33776855,-8315.18359375,145.40785217,-519.82531738,-25947.48242188,145.0859375,-937.96984863,6783.33837891,86.63785553,-186.04660034,-1726.88244629,80.40609741,649.60449219,13988.51074219,95.57873535,566.16363525,14494.17871094,119.79936981,-305.26016235,-4185.60595703,130.74057007,-399.38562012,-11994.87207031,157.13833618,-678.02722168,-4798.68945313,72.47264862,51.14883423,5682.7578125,97.8159256,1015.89672852,13298.48339844,97.34224701,872.36090088,19937.65039063,126.39099121,167.93060303,26188.8203125,168.64793396,-248.07647705,-14256.14160156,127.06367493,-116.82853699,-39.14169312,16.7028846627495,9.63953627889086,13.2759053577946
2.766667,118.29942322,-502.73126221,-1786.47033691,139.32139587,-785.98999023,-17244.78515625,132.00022888,-783.70605469,22712.44921875,83.84632874,-206.72058105,-352.12753296,87.32767487,779.33178711,7305.22558594,102.86670685,701.21325684,9872.60058594,115.39519501,-375.36560059,2251.08959961,124.57087708,-567.96337891,-1137.890625,141.23616028,-682.1685791,12290.06738281,73.07818604,86.86523438,3452.64526367,107.01042938,1148.16247559,3181.87011719,105.08483887,1065.65124512,10352.62304688,127.60825348,496.69296265,23452.19140625,167.40513611,-477.33657837,-10691.20898438,125.14175415,-113.48388672,-4956.87011719,15.3361807995453,11.2785953173602,13.6215217021265
2.775,112.07000732,-493.45129395,4516.703125,127.57474518,-908.15380859,-1993.76281738,131.55587769,-496.39602661,28938.37695313,83.06269836,-169.41879272,-1243.20458984,94.97078705,818.96124268,69.06921387,110.40240479,754.14855957,3350.29663086,112.26033783,-380.72494507,9128.36230469,116.39971161,-573.71606445,11266.64550781,138.82945251,-590.84912109,17130.77539063,74.25033569,75.7964325,1461.30078125,118.08822632,1136.89624023,-9822.54492188,116.21237946,1085.97839355,-4622.76123047,134.11825562,705.34924316,16543.19726563,161.70950317,-553.65307617,-3273.08447266,122.75125122,-223.93241882,-3826.51416016,11.76013086805,16.2205839707476,14.2919297081095
2.783333,108.01998901,-390.15686035,7838.65478516,115.99417114,-848.79058838,13178.94726563,132.20988464,-125.95474243,29963.05664063,80.56415558,-130.86807251,-2046.82324219,101.41130829,763.70367432,-7455.64746094,116.86989594,754.16479492,-3852.93310547,108.30171967,-235.28244019,14602.48535156,109.7321167,-330.03646851,21597.52539063,141.68344116,-252.003479,16935.42578125,74.30574036,63.30329895,579.32995605,129.44367981,964.90441895,-24997.48828125,128.959198,960.83673096,-24095.18164063,144.76309204,752.82928467,6463.14501953,153.29852295,-481.79397583,7667.22412109,122.51200867,-365.26519775,538.6675415,7.52924949532638,22.4363828773635,14.5987168292518
2.791667,105.63902283,-250.64781189,7629.14941406,109.97298431,-596.94458008,23907.10351563,131.49667358,146.99935913,28427.5390625,80.62577057,-173.12789917,-2197.40917969,108.06256104,647.50402832,-14884.8203125,122.26358795,672.38867188,-12698.48242188,106.26187134,-1.82662964,16650.44921875,107.72481537,8.90419006,25452.21484375,141.43841553,-30.74066162,19677.40820313,74.82572937,71.19857788,1962.48181152,138.27890015,692.91143799,-37869.79296875,137.94985962,729.9130249,-41506.9375,154.35932922,719.44885254,-3566.69873047,145.85121155,-345.32501221,17542.59765625,119.59477234,-358.9251709,9604.18554688,4.30501205822887,27.2146445435032,14.7163191589324
2.8,104.96682739,-166.53205872,4057.28344727,107.96515656,-266.89331055,30481.4609375,131.10829163,277.86071777,24397.984375,80.05567169,-264.34188843,-1707.02978516,113.27097321,494.79284668,-21606.5859375,127.05124664,554.43670654,-25255.00585938,105.68060303,194.79148865,12527.71484375,110.62995911,299.59466553,19499.64453125,139.25924683,-3.95843506,18037.22851563,75.07939911,86.35169983,5432.22558594,141.95272827,298.07830811,-43037.4609375,140.32673645,286.46295166,-50970.9296875,157.23608398,659.64404297,-9474.86621094,147.15148926,-172.70629883,20586.97265625,114.00299072,-189.61585999,22830.5234375,2.47032808683566,26.806567392078,15.2927369644313
2.808333,104.95089722,-168.13781738,-970.0970459,108.47271729,6.01669312,31961.65429688,134.38635254,457.3387146,19694.68164063,78.61164093,-290.67987061,2294.86450195,117.24669647,314.77539063,-26054.765625,133.20785522,367.87512207,-38280.6875,111.00041962,293.35333252,2426.5871582,118.47756195,446.31140137,7274.28613281,136.94923401,70.94406128,11336.22070313,75.97092438,128.83926392,9711.30566406,141.77980042,-183.8444519,-40074.46875,140.48309326,-328.95880127,-52581.69921875,158.34300232,545.05737305,-12401.97460938,149.73579407,70.0604248,18241.47070313,109.52941895,64.9131012,31323.99414063,1.54962978867587,24.4883285149664,15.8956670963814
2.816667,103.87393188,-235.35179138,-3994.99316406,109.73143768,233.29025269,27015.13671875,139.83584595,597.93121338,9273.84375,73.33594513,-255.22445679,11018.36914063,118.46403503,54.56924438,-27024.96289063,135.45021057,-12.6146698,-46164.7734375,116.0942688,258.49676514,-9047.75878906,122.66153717,410.12335205,-3757.57519531,138.427948,245.08361816,7217.87695313,77.44320679,224.09896851,13628.25,139.47146606,-589.04724121,-31049.75976563,138.96177673,-878.40631104,-45555.8359375,162.83383179,407.39151001,-16462.6953125,151.19444275,279.09957886,15374.91113281,110.53694916,441.47741699,29633.32421875,1.11577595250503,21.8087315377398,16.0609520112874
2.825,101.25637054,-327.6864624,-3553.60498047,111.0650177,478.87963867,16861.75195313,147.34959412,792.04956055,-11429.60546875,68.98022461,-142.22221375,19729.40625,118.68016052,-241.71340942,-25251.26171875,136.925354,-585.57525635,-47091.06640625,119.40768433,95.026474,-16808.25,126.57009888,231.67518616,-9905.54785156,142.11399841,358.54110718,3379.58691406,78.69911194,378.79571533,15891.68554688,131.91905212,-788.0357666,-16727.23046875,128.05154419,-1212.76098633,-26784.81054688,170.34616089,297.31033325,-20940.3359375,150.16636658,332.58499146,11096.6328125,120.24893951,812.0770874,19456.06445313,1.71262175737369,19.6184981763312,14.9148196148473
2.833333,97.53580475,-369.89373779,-655.11474609,114.86125183,654.11865234,3154.26293945,154.11772156,793.28295898,-32395.20117188,68.85683441,84.2275238,23704.09765625,116.08154297,-473.30804443,-20520.63085938,130.4269104,-1112.29370117,-37433.6796875,117.840065,-147.68844604,-18169.58984375,125.71929932,63.66477966,-9778.015625,147.90748596,322.87384033,-6290.49902344,81.86063385,559.67681885,14860.05761719,121.48085022,-808.53692627,-560.43487549,112.21230316,-1355.88977051,-209.91394043,173.89402771,134.18197632,-21904.49023438,154.34368896,343.71337891,3157.30712891,128.67355347,946.68151855,5608.93798828,3.16120612036373,16.6089294464395,14.0695923587912
2.841667,93.16395569,-337.01049805,3274.90136719,122.51383209,661.96960449,-14496.32128906,158.48498535,286.20727539,-49747.1953125,71.6523819,396.04040527,22913.65429688,109.40476227,-597.03613281,-11873.42578125,115.59786224,-1409.41381836,-14823.53125,113.959198,-366.59408569,-13656.30957031,125.03959656,-6.08207703,-5089.36181641,152.48571777,241.11206055,-18858.51367188,87.46447754,710.19165039,9757.68554688,112.23369598,-719.46374512,11369.51464844,95.54029846,-1274.10998535,24892.31054688,171.81690979,-126.91162109,-19183.640625,160.15864563,397.72705078,-3955.51611328,141.47106934,863.62084961,-6835.18945313,4.38624784369545,13.5386988217657,12.0224205692581
2.85,90.04813385,-261.18157959,6031.31201172,132.81536865,430.26062012,-33656.27734375,170.26548767,-515.17529297,-63414.453125,76.60211182,635.65441895,17971.25,101.76280975,-655.81359863,-1369.05737305,96.42893982,-1449.73022461,13514.98144531,109.64391327,-463.80822754,-5795.09667969,123.40713501,6.97441101,32.94578552,151.84544373,42.25585938,-27764.3515625,95.46765137,785.44885254,1547.69042969,108.20824432,-538.95959473,16549.65625,86.92625427,-902.07220459,43496.90625,167.87278748,-370.83465576,-14330.45996094,163.81555176,384.52819824,-7682.88964844,146.88169861,582.8125,-15255.06542969,5.57331767020375,11.1843728610435,10.0684820888509
2.858333,88.88098907,-183.959198,5844.74853516,137.64302063,23.09768677,-45526.4765625,163.98094177,-1082.72229004,-53331.58984375,83.32648468,729.73382568,8893.77832031,95.85112,-635.91381836,7741.60107422,82.44828033,-1152.58862305,36994.546875,105.45760345,-421.34606934,2581.84375,124.20423126,93.0406189,1929.38293457,149.54734802,-283.64883423,-32497.89453125,104.18300629,752.92669678,-7363.74951172,107.25289917,-332.58483887,17658.546875,82.67717743,-336.00152588,55350.1953125,163.4178772,-454.30709839,-6728.14892578,166.0181427,236.05285645,-11193.39941406,149.16241455,405.79162598,-19196.23632813,6.86409195333104,9.62312185172472,7.22471863727873
2.866667,88.73583221,-121.20994568,3719.96850586,135.23654175,-528.75622559,-43972.96875,143.50067139,-1590.86938477,-13354.98730469,91.13700104,724.39520264,-1950.86181641,92.52272797,-517.07385254,14793.78222656,76.06058502,-607.93713379,51908.87109375,101.02101135,-317.82434082,8148.87060547,125.63398743,131.42181396,-893.23394775,149.55996704,-643.22436523,-33011.1875,110.13135529,622.99169922,-14240.4453125,105.37593842,-180.8442688,17202.43164063,81.89260864,237.80799866,57923.953125,159.4712677,-407.02316284,2764.96972656,167.62644958,83.44543457,-13782.1796875,151.28489685,329.86541748,-16486.34570313,8.20874170348929,8.50373883222095,5.65986033912116
2.875,88.349617,-109.21630859,2454.69604492,124.11516571,-1046.76379395,-30576.84765625,117.20817566,-1805.61108398,32750.00585938,97.87715149,662.09655762,-11083.69921875,88.69091797,-326.91308594,20174.66601563,74.84579468,-19.26895142,57147.91015625,99.33037567,-211.22817993,8853.98632813,128.07701111,126.32987976,-7958.74902344,142.4128418,-932.66699219,-26612.91015625,114.47258759,435.38934326,-17451.87109375,103.45225525,-92.604599,15736.33886719,85.71934509,721.8885498,49150.796875,155.78369141,-320.33065796,10332.109375,167.3868866,-38.30032349,-12079.06640625,147.14067078,221.09313965,-9833.87207031,9.54121539850544,7.81620930418626,5.29342963921992
2.883333,86.80052185,-133.98033142,3777.88452148,113.44985199,-1259.32727051,-8978.70214844,106.61852264,-1198.60253906,66936.375,102.07434082,536.86151123,-16743.09179688,85.08787537,-124.78256226,22739.6953125,78.34368896,467.70935059,51588.76171875,98.22542572,-123.9364624,6254.35693359,129.96139526,31.40953064,-14376.78710938,133.89743042,-1149.12365723,-13001.17480469,116.3098526,246.8800354,-16745.93945313,101.93000793,11.11129761,14282.59375,94.29774475,1133.46533203,32378.5234375,153.75315857,-211.90673828,13878.91503906,166.59405518,-135.85357666,-7486.89208984,157.96046448,72.240448,-8736.42285156,10.4310478862797,7.29939376126854,4.47495541024281
2.891667,85.70091248,-144.07936096,7907.67333984,98.42430878,-1154.11999512,16715.94726563,94.04347229,-52.38929749,83032.796875,105.67446899,352.97683716,-18366.94921875,83.92443848,79.28848267,21971.05273438,83.7411499,866.38879395,38976.78125,98.9992981,-88.05412292,2597.38330078,128.77923584,-156.36642456,-18976.61914063,117.64326477,-1227.46875,2054.65454102,117.77330017,109.93560791,-13218.71582031,102.71776581,150.1285553,12955.27929688,106.93701172,1369.73706055,12139.2421875,152.68267822,-78.98132324,14926.2734375,164.67927551,-178.79241943,-2280.19067383,157.64553833,44.36279297,-12196.04003906,NaN,7.25338148278018,3.93972692818299
2.9,83.69769287,-63.69422913,14225.25195313,88.58163452,-829.27862549,37123.55859375,99.70552826,1039.49560547,71163.3828125,108.56880951,134.29908752,-16199.34765625,86.6918335,272.28927612,19133.08203125,92.40381622,1152.64550781,24352.3984375,98.23097229,-103.35914612,-1160.24035645,128.19221497,-403.95196533,-23315.3046875,107.12101746,-1142.2355957,14968.44433594,118.1325531,25.66101074,-8374.88085938,105.14431,287.90887451,10113.74804688,121.64354706,1379.9362793,-9075.54980469,152.26271057,65.7270813,14908.81054688,162.34605408,-169.15283203,3652.33007813,156.53552246,65.74264526,-13781.05664063,NaN,7.55131601753359,3.25069937317792
2.908333,82.99370575,109.98207092,19871.45703125,83.51528931,-376.33795166,46376.390625,114.69005585,1613.96350098,38753.171875,109.86956024,-21.36352539,-11430.10742188,91.31239319,426.47607422,14627.08496094,103.82330322,1290.45617676,8772.46191406,97.2698288,-131.28707886,-3512.02539063,123.06794739,-549.02941895,-23764.3828125,98.08228302,-844.71374512,26125.22460938,117.37761688,-7.21412659,-4157.85546875,108.78877258,387.48449707,4698.44677734,135.03077698,1169.06396484,-27255.83984375,153.28384399,195.12939453,13479.37695313,160.68254089,-123.12469482,8829.62109375,151.20718384,-111.30905151,-14892.51757813,NaN,7.644330363567,2.19078600184042
2.916667,83.20915222,344.93811035,23122.40039063,82.6912384,127.26051331,46536.1640625,141.12915039,1552.77392578,1272.16064453,108.19844055,-72.03613281,-5623.03515625,96.33305359,530.40856934,8096.95849609,117.70689392,1295.62426758,-7638.33789063,95.09848022,-182.4911499,-5155.06982422,116.9536438,-764.04284668,-24514.01367188,93.84886169,-582.88903809,32722.03515625,117.09745026,-18.4287262,-1933.13110352,112.51676941,398.76815796,-2181.99414063,143.70765686,791.17285156,-37082.53515625,155.52949524,303.66668701,10952.33300781,160.13792419,-13.96453857,11730.25292969,151.32429504,-340.81008911,-18961.046875,NaN,7.33035523008711,2.53387598836897
2.925,87.84555054,589.34301758,21200.74023438,87.55470276,520.17547607,39592.82421875,162.86114502,1105.30688477,-31353.03515625,103.72073364,-43.46969604,1576.65820313,99.62561035,587.58886719,-1737.14782715,129.56048584,1167.09362793,-21620.69921875,93.59777832,-233.69522095,-6798.11425781,108.33067322,-979.05627441,-25263.64453125,89.76647186,-279.84375,35309.86328125,116.4905014,-4.66362,-1676.10839844,116.31570435,330.88867188,-8873.17382813,148.34791565,351.68487549,-37051.828125,159.30735779,387.97195435,9376.92871094,160.3127594,133.80706787,13062.41113281,157.14738464,-511.23443604,-22648.05664063,NaN,6.57210811959964,5.08730948667373
2.933333,94.62187195,754.44696045,14352.21777344,93.55142212,806.37255859,26446.8046875,164.25131226,797.14294434,-35497.13671875,103.56620026,-2.83798218,3761.55151367,104.24919128,557.04956055,-10016.37207031,138.20071411,891.73858643,-29552.7890625,NaN,NaN,NaN,NaN,NaN,NaN,91.37453461,23.20153809,37897.69140625,117.33513641,-9.95010376,-2866.49682617,119.50197601,202.97706604,-13859.46777344,148.09991455,-11.21612549,-29525.16601563,163.10646057,431.59332275,6989.97070313,161.48768616,259.5880127,13168.04101563,148.44549561,-641.58203125,-15326.86035156,NaN,5.3456017188982,8.75317437590991
2.941667,103.60917664,899.37121582,10670.74609375,102.7984848,988.4697876,10429.67578125,153.95596313,378.61572266,-23369.34960938,105.69641113,30.46287537,-1249.02380371,109.84928894,432.35314941,-20096.47460938,144.04930115,524.66320801,-32875.8671875,NaN,NaN,NaN,NaN,NaN,NaN,NaN,NaN,NaN,117.31232452,-41.59873962,-4758.33300781,120.52651215,55.6942749,-15904.40234375,145.61526489,-200.56030273,-18539.953125,166.79837036,475.21469116,4603.01269531,164.84657288,347.98843384,12002.328125,137.91461182,-812.03308105,7.95196533,NaN,3.94694863664467,11.9065506741816
2.95,111.30724335,856.60125732,1866.74926758,111.18778992,1023.76434326,-2060.58789063,153.26896667,-5.45944214,-20616.56445313,109.37636566,152.92808533,-1033.91662598,115.94612885,130.40046692,-34841.4453125,147.53024292,191.81365967,-33396.34375,NaN,NaN,NaN,NaN,NaN,NaN,NaN,NaN,NaN,117.60261536,-99.12315369,-6371.35595703,120.18353271,-96.85775757,-14893.02148438,141.3361969,-238.0355835,-8676.35839844,NaN,NaN,NaN,169.10868835,430.74005127,10582.11914063,127.67849731,-993.35559082,2217.63867188,NaN,2.27333787135153,13.5710825161025
2.958333,117.19180298,813.83129883,-6937.24755859,120.70179749,895.31121826,-13124.15527344,168.07327271,417.63793945,-5598.98193359,108.48187256,-11.36260986,-10461.63867188,116.75204468,-30.86006165,-39269.40625,147.16729736,-5.75134277,-30218.65625,NaN,NaN,NaN,NaN,NaN,NaN,NaN,NaN,NaN,115.70039368,-174.67025757,-6663.12011719,117.72731781,-233.39134216,-12173.7890625,138.64196777,-215.13412476,-2532.60424805,NaN,NaN,NaN,172.91267395,513.49169922,9161.91015625,121.09450531,-649.59228516,22478.9609375,NaN,1.36351126512012,14.6776259679834
2.966667,NaN,NaN,NaN,129.93301392,656.09399414,-24465.33984375,168.70069885,232.84423828,-9977.234375,106.54347229,-175.65330505,-19889.36132813,113.31240845,-565.69976807,-52420.2265625,144.21653748,-228.65570068,-27459.73828125,NaN,NaN,NaN,NaN,NaN,NaN,NaN,NaN,NaN,114.08135223,-241.20941162,-5840.20458984,115.68209076,-322.67547607,-8802.95800781,138.6627655,-199.08096313,-2674.5246582,NaN,NaN,NaN,NaN,NaN,NaN,120.25006104,-305.82897949,42740.28125,NaN,NaN,14.6231621121375
2.975,NaN,NaN,NaN,134.36613464,519.21618652,-27702.18164063,165.85069275,48.05053711,-14355.48632813,NaN,NaN,NaN,102.17951202,-1100.53942871,-65571.046875,140.97721863,-451.56005859,-24700.8203125,NaN,NaN,NaN,NaN,NaN,NaN,NaN,NaN,NaN,111.26622772,-288.38555908,-5119.71289063,112.29812622,-360.54473877,-5195.48779297,138.81886292,-233.65005493,-7855.49316406,NaN,NaN,NaN,NaN,NaN,NaN,NaN,NaN,NaN,NaN,NaN,NaN
2.983333,NaN,NaN,NaN,135.25683594,192.04833984,-33637.76953125,NaN,NaN,NaN,NaN,NaN,NaN,NaN,NaN,NaN,NaN,NaN,NaN,NaN,NaN,NaN,NaN,NaN,NaN,NaN,NaN,NaN,108.92433929,-304.54788208,-3288.33984375,108.88279724,-385.23706055,-2873.36328125,136.93518066,-268.47253418,-10281.25292969,NaN,NaN,NaN,NaN,NaN,NaN,NaN,NaN,NaN,NaN,NaN,NaN
2.991667,NaN,NaN,NaN,134.06546021,-135.11950684,-39573.359375,NaN,NaN,NaN,NaN,NaN,NaN,NaN,NaN,NaN,NaN,NaN,NaN,NaN,NaN,NaN,NaN,NaN,NaN,NaN,NaN,NaN,106.14832306,-320.71020508,-1456.96679688,105.57978821,-387.57156372,-1243.13781738,132.86051941,-453.39065552,-16783.69726563,NaN,NaN,NaN,NaN,NaN,NaN,NaN,NaN,NaN,NaN,NaN,NaN
3,NaN,NaN,NaN,NaN,NaN,NaN,NaN,NaN,NaN,NaN,NaN,NaN,NaN,NaN,NaN,NaN,NaN,NaN,NaN,NaN,NaN,NaN,NaN,NaN,NaN,NaN,NaN,NaN,NaN,NaN,102.53625488,-389.90606689,387.08764648,127.37369537,-638.30877686,-23286.140625,NaN,NaN,NaN,NaN,NaN,NaN,NaN,NaN,NaN,NaN,NaN,NaN
3.008333,NaN,NaN,NaN,NaN,NaN,NaN,NaN,NaN,NaN,NaN,NaN,NaN,NaN,NaN,NaN,NaN,NaN,NaN,NaN,NaN,NaN,NaN,NaN,NaN,NaN,NaN,NaN,NaN,NaN,NaN,NaN,NaN,NaN,NaN,NaN,NaN,NaN,NaN,NaN,NaN,NaN,NaN,NaN,NaN,NaN,NaN,NaN,NaN
3.016667,NaN,NaN,NaN,NaN,NaN,NaN,NaN,NaN,NaN,NaN,NaN,NaN,NaN,NaN,NaN,NaN,NaN,NaN,NaN,NaN,NaN,NaN,NaN,NaN,NaN,NaN,NaN,NaN,NaN,NaN,NaN,NaN,NaN,NaN,NaN,NaN,NaN,NaN,NaN,NaN,NaN,NaN,NaN,NaN,NaN,NaN,NaN,NaN
3.025,NaN,NaN,NaN,NaN,NaN,NaN,NaN,NaN,NaN,NaN,NaN,NaN,NaN,NaN,NaN,NaN,NaN,NaN,NaN,NaN,NaN,NaN,NaN,NaN,NaN,NaN,NaN,NaN,NaN,NaN,NaN,NaN,NaN,NaN,NaN,NaN,NaN,NaN,NaN,NaN,NaN,NaN,NaN,NaN,NaN,NaN,NaN,NaN
3.033333,NaN,NaN,NaN,NaN,NaN,NaN,NaN,NaN,NaN,NaN,NaN,NaN,NaN,NaN,NaN,NaN,NaN,NaN,NaN,NaN,NaN,NaN,NaN,NaN,NaN,NaN,NaN,NaN,NaN,NaN,NaN,NaN,NaN,NaN,NaN,NaN,NaN,NaN,NaN,NaN,NaN,NaN,NaN,NaN,NaN,NaN,NaN,NaN
3.041667,NaN,NaN,NaN,NaN,NaN,NaN,NaN,NaN,NaN,NaN,NaN,NaN,NaN,NaN,NaN,NaN,NaN,NaN,NaN,NaN,NaN,NaN,NaN,NaN,NaN,NaN,NaN,NaN,NaN,NaN,NaN,NaN,NaN,NaN,NaN,NaN,NaN,NaN,NaN,NaN,NaN,NaN,NaN,NaN,NaN,NaN,NaN,NaN
3.05,NaN,NaN,NaN,NaN,NaN,NaN,NaN,NaN,NaN,NaN,NaN,NaN,NaN,NaN,NaN,NaN,NaN,NaN,NaN,NaN,NaN,NaN,NaN,NaN,NaN,NaN,NaN,NaN,NaN,NaN,NaN,NaN,NaN,NaN,NaN,NaN,NaN,NaN,NaN,NaN,NaN,NaN,NaN,NaN,NaN,NaN,NaN,NaN
3.058333,NaN,NaN,NaN,NaN,NaN,NaN,NaN,NaN,NaN,NaN,NaN,NaN,NaN,NaN,NaN,NaN,NaN,NaN,NaN,NaN,NaN,NaN,NaN,NaN,NaN,NaN,NaN,NaN,NaN,NaN,NaN,NaN,NaN,NaN,NaN,NaN,NaN,NaN,NaN,NaN,NaN,NaN,NaN,NaN,NaN,NaN,NaN,NaN
3.066667,NaN,NaN,NaN,NaN,NaN,NaN,NaN,NaN,NaN,NaN,NaN,NaN,NaN,NaN,NaN,NaN,NaN,NaN,NaN,NaN,NaN,NaN,NaN,NaN,NaN,NaN,NaN,NaN,NaN,NaN,NaN,NaN,NaN,NaN,NaN,NaN,NaN,NaN,NaN,NaN,NaN,NaN,NaN,NaN,NaN,NaN,NaN,NaN
3.075,NaN,NaN,NaN,NaN,NaN,NaN,NaN,NaN,NaN,NaN,NaN,NaN,NaN,NaN,NaN,NaN,NaN,NaN,NaN,NaN,NaN,NaN,NaN,NaN,NaN,NaN,NaN,NaN,NaN,NaN,NaN,NaN,NaN,NaN,NaN,NaN,NaN,NaN,NaN,NaN,NaN,NaN,NaN,NaN,NaN,NaN,NaN,NaN
3.083333,NaN,NaN,NaN,NaN,NaN,NaN,NaN,NaN,NaN,NaN,NaN,NaN,NaN,NaN,NaN,NaN,NaN,NaN,NaN,NaN,NaN,NaN,NaN,NaN,NaN,NaN,NaN,NaN,NaN,NaN,NaN,NaN,NaN,NaN,NaN,NaN,NaN,NaN,NaN,NaN,NaN,NaN,NaN,NaN,NaN,NaN,NaN,NaN
3.091667,NaN,NaN,NaN,NaN,NaN,NaN,NaN,NaN,NaN,NaN,NaN,NaN,NaN,NaN,NaN,NaN,NaN,NaN,NaN,NaN,NaN,NaN,NaN,NaN,NaN,NaN,NaN,NaN,NaN,NaN,NaN,NaN,NaN,NaN,NaN,NaN,NaN,NaN,NaN,NaN,NaN,NaN,NaN,NaN,NaN,NaN,NaN,NaN
3.1,NaN,NaN,NaN,NaN,NaN,NaN,NaN,NaN,NaN,NaN,NaN,NaN,NaN,NaN,NaN,NaN,NaN,NaN,NaN,NaN,NaN,NaN,NaN,NaN,NaN,NaN,NaN,NaN,NaN,NaN,NaN,NaN,NaN,NaN,NaN,NaN,NaN,NaN,NaN,NaN,NaN,NaN,NaN,NaN,NaN,NaN,NaN,NaN
3.108333,NaN,NaN,NaN,NaN,NaN,NaN,NaN,NaN,NaN,NaN,NaN,NaN,NaN,NaN,NaN,NaN,NaN,NaN,NaN,NaN,NaN,NaN,NaN,NaN,NaN,NaN,NaN,NaN,NaN,NaN,NaN,NaN,NaN,NaN,NaN,NaN,NaN,NaN,NaN,NaN,NaN,NaN,NaN,NaN,NaN,NaN,NaN,NaN
3.116667,NaN,NaN,NaN,NaN,NaN,NaN,NaN,NaN,NaN,NaN,NaN,NaN,NaN,NaN,NaN,NaN,NaN,NaN,NaN,NaN,NaN,NaN,NaN,NaN,NaN,NaN,NaN,NaN,NaN,NaN,NaN,NaN,NaN,NaN,NaN,NaN,NaN,NaN,NaN,NaN,NaN,NaN,NaN,NaN,NaN,NaN,NaN,NaN
3.125,NaN,NaN,NaN,NaN,NaN,NaN,NaN,NaN,NaN,NaN,NaN,NaN,NaN,NaN,NaN,NaN,NaN,NaN,NaN,NaN,NaN,NaN,NaN,NaN,NaN,NaN,NaN,NaN,NaN,NaN,NaN,NaN,NaN,NaN,NaN,NaN,NaN,NaN,NaN,NaN,NaN,NaN,NaN,NaN,NaN,NaN,NaN,NaN
3.133333,NaN,NaN,NaN,NaN,NaN,NaN,NaN,NaN,NaN,NaN,NaN,NaN,NaN,NaN,NaN,NaN,NaN,NaN,NaN,NaN,NaN,NaN,NaN,NaN,NaN,NaN,NaN,NaN,NaN,NaN,NaN,NaN,NaN,NaN,NaN,NaN,NaN,NaN,NaN,NaN,NaN,NaN,NaN,NaN,NaN,NaN,NaN,NaN
3.141667,NaN,NaN,NaN,NaN,NaN,NaN,NaN,NaN,NaN,NaN,NaN,NaN,NaN,NaN,NaN,NaN,NaN,NaN,NaN,NaN,NaN,NaN,NaN,NaN,NaN,NaN,NaN,NaN,NaN,NaN,NaN,NaN,NaN,NaN,NaN,NaN,NaN,NaN,NaN,NaN,NaN,NaN,NaN,NaN,NaN,NaN,NaN,NaN
3.15,NaN,NaN,NaN,NaN,NaN,NaN,NaN,NaN,NaN,NaN,NaN,NaN,NaN,NaN,NaN,NaN,NaN,NaN,NaN,NaN,NaN,NaN,NaN,NaN,NaN,NaN,NaN,NaN,NaN,NaN,NaN,NaN,NaN,NaN,NaN,NaN,NaN,NaN,NaN,NaN,NaN,NaN,NaN,NaN,NaN,NaN,NaN,NaN
3.158333,NaN,NaN,NaN,NaN,NaN,NaN,NaN,NaN,NaN,NaN,NaN,NaN,NaN,NaN,NaN,NaN,NaN,NaN,NaN,NaN,NaN,NaN,NaN,NaN,NaN,NaN,NaN,NaN,NaN,NaN,NaN,NaN,NaN,NaN,NaN,NaN,NaN,NaN,NaN,NaN,NaN,NaN,NaN,NaN,NaN,NaN,NaN,NaN
