Time,low_height_jump_2_left_shoulder_angle,low_height_jump_2_left_shoulder_angle_v,low_height_jump_2_left_shoulder_angle_a,low_height_jump_2_left_elbow_angle,low_height_jump_2_left_elbow_angle_v,low_height_jump_2_left_elbow_angle_a,low_height_jump_2_left_wrist_angle,low_height_jump_2_left_wrist_angle_v,low_height_jump_2_left_wrist_angle_a,low_height_jump_2_left_hip_angle,low_height_jump_2_left_hip_angle_v,low_height_jump_2_left_hip_angle_a,low_height_jump_2_left_knee_angle,low_height_jump_2_left_knee_angle_v,low_height_jump_2_left_knee_angle_a,low_height_jump_2_left_ankle_angle,low_height_jump_2_left_ankle_angle_v,low_height_jump_2_left_ankle_angle_a,low_height_jump_2_right_shoulder_angle,low_height_jump_2_right_shoulder_angle_v,low_height_jump_2_right_shoulder_angle_a,low_height_jump_2_right_elbow_angle,low_height_jump_2_right_elbow_angle_v,low_height_jump_2_right_elbow_angle_a,low_height_jump_2_right_wrist_angle,low_height_jump_2_right_wrist_angle_v,low_height_jump_2_right_wrist_angle_a,low_height_jump_2_right_hip_angle,low_height_jump_2_right_hip_angle_v,low_height_jump_2_right_hip_angle_a,low_height_jump_2_right_knee_angle,low_height_jump_2_right_knee_angle_v,low_height_jump_2_right_knee_angle_a,low_height_jump_2_right_ankle_angle,low_height_jump_2_right_ankle_angle_v,low_height_jump_2_right_ankle_angle_a,NeckAng,SpineAng,TailAng
2.375,74.393013,304.38684082,-10982.9453125,130.19322205,747.24609375,-22506.75585938,167.709198,160.22247314,-43979.3046875,72.8115387,173.69177246,16073.67480469,108.29817963,437.90237427,-28350.39453125,135.05700684,-67.38800049,-52987.8125,103.67947388,-776.11437988,-8581.33886719,132.13487244,-1041.44311523,-15873.72851563,123.91781616,-915.88116455,8306.19726563,86.66500092,371.25289917,8418.91796875,123.59356689,689.5826416,-47504.30078125,127.46543121,1017.82824707,-96340.171875,1.18483250869662,2.33139648113194,2.92109814379379
2.383333,76.72993469,206.4175415,-12221.16992188,136.0209198,547.66204834,-25467.4765625,168.92292786,-201.04248047,-37293.81640625,73.81651306,311.71051025,13336.14257813,112.72203064,206.63452148,-19615.078125,136.30209351,-470.7069397,-31863.390625,97.24177551,-833.68011475,-2871.88842773,123.21520233,-1165.50842285,-7980.21972656,115.07069397,-841.28955078,7897.57714844,89.49845886,439.45449829,7136.65087891,129.99240112,316.5133667,-35111.0234375,137.33261108,266.66061401,-68355.1015625,0.417304733807582,2.48219790778171,4.17428841528433
2.391667,78.81359863,108.44825745,-13459.39453125,141.08441162,348.07800293,-28428.19726563,168.03414917,-562.30743408,-30608.32617188,76.31047821,449.72924805,10598.61035156,114.77399445,-24.6333313,-10879.76074219,131.85804749,-874.02587891,-10738.97070313,90.85929871,-891.24584961,2837.56225586,114.80768585,-1289.57373047,-86.71142578,108.95276642,-766.69793701,7488.95751953,93.3503418,507.65609741,5854.38330078,132.93765259,-56.55593872,-22717.74609375,140.54318237,-484.50698853,-40370.03125,1.22089668054993,2.77193331249684,5.5927709650033
2.4,79.87320709,17.08305359,-14583.04296875,144.59028625,141.27471924,-30767.93945313,163.57691956,-732.32800293,-27281.78320313,81.49284363,474.98855591,11443.35253906,112.88532257,3.24058533,-8494.72460938,122.03643036,-808.91900635,3156.77392578,82.48468781,-846.90789795,8272.07421875,102.31546021,-1215.59777832,2884.33349609,104.05721283,-764.38964844,9240.26171875,97.72007751,537.31347656,4455.25341797,131.3881073,-154.88327026,-14753.95117188,132.71420288,-608.43756104,-20877.06054688,2.70677590984546,2.95034071064833,6.83205984524586
2.408333,79.35678864,-132.83233643,-14453.40136719,144.71574402,-170.32012939,-31673.87695313,153.54930115,-971.25,-16792.39257813,85.60216522,569.68395996,8099.10400391,110.03096771,-68.22219849,213.18261719,110.80582428,-771.18273926,29595.015625,74.65881348,-771.94775391,17528.71875,91.07538605,-1160.11083984,11387.45605469,97.48313141,-633.01605225,11646.97949219,102.71230316,595.30847168,1192.39868164,126.4322052,-272.66220093,140.55262756,121.49347687,-798.66162109,15459.20214844,4.3287249634435,2.7714215846412,8.04225430966963
2.416667,77.48304749,-285.54534912,-13394.95214844,141.20884705,-488.53796387,-30893.7421875,142.11912537,-1115.34069824,-8499.72851563,90.71886444,667.66876221,3352.06884766,109.81803894,-50.27755737,3085.20043945,103.17601776,-385.46401978,44844.39453125,67.92684937,-586.31945801,24892.74609375,80.13369751,-1049.32287598,16397.07226563,89.84789276,-552.91125488,16288.61523438,107.83331299,601.6385498,-2157.61743164,121.6624527,-181.75102234,8882.36230469,109.75382233,-476.12878418,36532.125,5.89367888490353,1.94016086441896,8.58991954649629
2.425,74.44600677,-403.65454102,-10609.42675781,135.64208984,-761.39398193,-27066.765625,133.15571594,-1129.94812012,-3031.20117188,96.08217621,728.91052246,-2833.82055664,110.88583374,37.84042358,2557.4609375,101.62008667,218.02619934,48321.00390625,63.05464935,-296.5355835,29563.1640625,74.07176208,-869.82556152,17677.53710938,86.67325592,-421.72540283,18265.23046875,113.27944946,559.94421387,-5966.70019531,119.47966766,17.39089966,11743.18554688,105.22486115,166.87309265,42737.55078125,7.34346438424255,0.803728069842686,8.46472881295862
2.433333,69.97629547,-471.47558594,-5783.03564453,127.13117981,-957.46368408,-20268.27929688,124.01532745,-1051.20324707,1829.92736816,101.55786896,685.04101563,-10470.33886719,111.88551331,102.16148376,3016.89257813,106.34577179,780.87194824,41792.9453125,62.11203766,12.78823853,31063.35742188,67.97476959,-672.43005371,18275.82617188,84.29672241,-194.26483154,18704.19140625,118.5821991,482.44552612,-9770.5,123.13446808,187.79876709,9838.84375,112.04673004,738.23205566,37461.5078125,8.72667455978763,1.64501844018588,8.2570625310015
2.441667,65.35076904,-496.25582886,-203.05389404,118.41042328,-1088.18762207,-12960.55175781,116.28942108,-985.18103027,4586.34033203,111.3345108,499.04180908,-18271.234375,112.40341187,90.834198,998.45910645,118.14883423,1117.06567383,21092.08398438,63.67053223,287.18756104,27193.98242188,62.53746414,-511.65951538,16954.6875,83.26081848,-6.86737061,20389.9921875,121.9876709,377.68280029,-11879.40722656,127.43875122,262.79922485,1699.11669922,125.52711487,1016.57824707,15965.36328125,10.0298290291967,2.80010328764529,9.33989906239857
2.45,60.89531708,-478.12304688,5215.21777344,108.43161774,-1159.42004395,-6368.55517578,107.84279633,-984.72460938,6135.73828125,115.12572479,292.00402832,-23271.20117188,113.41350555,58.69064331,-2942.09399414,132.42044067,1184.06591797,-4755.83398438,69.07569885,511.44195557,19170.10351563,58.60425186,-406.75921631,13984.70117188,84.16918945,112.79899597,18453.95507813,124.608078,259.74060059,-12230.72851563,131.55284119,219.53956604,-6743.55126953,141.88067627,969.34655762,-7794.59570313,11.215662607139,3.55122761493836,11.2489822049674
2.458333,57.26065826,-411.31604004,9999.87890625,98.61089325,-1179.54882813,-923.5925293,100.15407562,-975.13891602,6914.07714844,116.57254028,73.88038635,-21416.1640625,114.09062195,45.74249268,-6136.37792969,143.76431274,967.76983643,-25337.26171875,74.16122437,650.46118164,10084.69238281,56.1353569,-304.20901489,10984.96484375,86.59455872,265.40075684,13368.36425781,125.77263641,143.80966187,-11150.75585938,130.9692688,71.49139404,-11691.73046875,147.21482849,683.5269165,-21391.96484375,12.0734601591591,3.04421154749756,11.156511377831
2.466667,53.91923904,-296.2286377,13649.14355469,88.37906647,-1158.57043457,3678.30810547,92.34311676,-904.96801758,8110.98095703,111.36064148,-160.25169373,-15592.72460938,113.87272644,2.33070374,-7751.42089844,150.49212646,554.94598389,-35545.3203125,80.03368378,678.88342285,1500.09057617,54.77830505,-222.4196167,9222.42382813,88.63116455,417.54730225,9964.08886719,126.63470459,51.04598999,-9753.52734375,130.52201843,-101.60415649,-13356.1875,148.23330688,304.75265503,-23857.87695313,12.7003229100298,2.58075964513311,9.40607764690145
2.475,51.32147217,-153.07315063,15475.99804688,78.48244476,-1105.39648438,7794.82861328,82.86868286,-774.62109375,9573.62988281,110.43862152,-282.31628418,-10851.29980469,113.90225983,-100.40863037,-9683.67871094,152.4203186,110.65841675,-35599.8515625,86.59500885,617.80767822,-5527.99609375,53.23308945,-155.48667908,8488.60839844,91.97628784,468.01712036,7291.6796875,126.9074707,-9.37164307,-8508.84082031,129.05883789,-214.22988892,-12505.5859375,146.65670776,70.29006958,-19913.23828125,13.0984879362114,2.35556405001578,7.37802812591067
2.483333,50.36368942,2.70385742,15324.25292969,69.33643341,-1028.65942383,11737.1953125,76.90248871,-682.31500244,9392.26757813,108.59292603,-267.20574951,-5985.86621094,113.81113434,-200.69747925,-11546.49121094,150.15400696,-191.30783081,-27887.16796875,91.94934845,528.42578125,-9301.65234375,51.66951752,-98.67835999,8597.20117188,97.57707214,458.7253418,2493.88769531,125.94200897,-54.13200378,-6701.44580078,127.12961578,-265.83349609,-9760.15429688,146.72221375,43.78234863,-13777.55175781,13.037449572076,2.27931164835302,5.79221381279515
2.491667,51.58671951,136.04736328,13448.61132813,61.40982056,-919.27966309,15508.03515625,72.48989105,-610.60601807,8975.86328125,105.881073,-245.98609924,-958.17089844,111.52688599,-296.32324219,-10872.87597656,146.22233582,-334.33197021,-16620.55859375,96.19874573,417.47888184,-9438.33496094,50.73483276,-37.17525482,9687.77246094,103.48188019,484.4670105,-1278.85107422,125.3050766,-121.40769958,-4890.94042969,124.07138824,-330.22994995,-7374.04296875,147.74461365,42.2833252,-10064.15234375,12.9704951912746,1.9474496765101,5.25588289164074
2.5,53.95991898,237.62026978,10346.171875,53.87414932,-773.09002686,19197.55859375,70.60586548,-568.3170166,12135.09960938,103.91428375,-292.06375122,967.37243652,107.55565643,-401.79571533,-8126.60449219,140.86656189,-376.7565918,-7265.48925781,98.04914093,326.32196045,-7318.49560547,50.92522049,45.59215546,10799.59570313,105.54372406,481.89886475,-692.17773438,124.4834671,-178.35105896,-4083.41210938,121.31274414,-397.2019043,-6708.46142578,149.64224243,-18.60610962,-11454.41699219,12.6516715259273,1.76396300861247,5.90714619160465
2.508333,57.177742,308.55999756,6963.9765625,47.84157181,-589.31860352,22538.88671875,64.73271942,-528.06768799,19984.77539063,101.94017029,-295.89355469,669.12506104,103.71795654,-482.16271973,-5469.85449219,139.48623657,-377.22625732,-3231.58007813,99.92726898,274.92858887,-4508.80615234,51.83277512,155.99082947,11082.515625,108.13947296,423.27713013,1018.8369751,123.22088623,-185.88195801,-3528.94897461,117.98023987,-449.41848755,-6418.29394531,149.93234253,-170.20675659,-14937.41601563,12.5384923838257,1.10584843727015,4.17587013566166
2.516667,58.98265839,346.70498657,4484.09765625,42.91440964,-384.16348267,24873.07617188,59.2689743,-358.81802368,30483.65039063,98.73487854,-262.49450684,1518.55163574,99.30936432,-496.37115479,-2982.36547852,136.94671631,-364.25094604,-2881.03173828,101.72972107,265.93887329,-2013.33349609,53.35198593,273.81005859,10267.73632813,112.50336456,404.99963379,1420.12475586,120.35529327,-191.1214447,-3105.44433594,114.06874847,-499.93652344,-5546.34570313,147.78665161,-353.51806641,-16362.41210938,12.2405350230742,0.700562075754418,2.77577399786718
2.525,62.07866669,361.42926025,2724.4309082,40.97438431,-155.74554443,25362.15039063,53.2833252,-28.14331055,40939.31640625,96.37494659,-232.91618347,2957.18212891,95.27381134,-479.91204834,-543.38043213,134.86186218,-386.07458496,-3447.18237305,104.52015686,280.96572876,-706.88110352,55.68084335,361.58483887,8356.00390625,116.64188385,480.63964844,2823.46679688,118.172966,-217.24594116,-4415.85546875,109.17757416,-544.76672363,-4645.80761719,142.95606995,-513.38104248,-14637.76855469,11.9899481049719,1.22719196327714,2.19679757572925
2.533333,65.15119934,367.69680786,895.42175293,40.98165512,71.71661377,23403.078125,53.72649002,434.76516724,45480.0390625,93.88124847,-215.25108337,2709.77612305,90.66820526,-474.76669312,680.57769775,130.2467041,-457.14767456,-3581.6796875,107.0826416,285.37927246,-701.70910645,59.79588699,411.5362854,5514.75146484,120.1674881,537.10479736,4900.46826172,117.64599609,-256.82006836,-6767.07617188,104.61929321,-580.66436768,-3727.69018555,136.89477539,-622.34954834,-10953.40820313,11.6175040048371,2.15542413045294,3.35160507302855
2.541667,68.97497559,388.47653198,-876.58081055,42.57003403,283.60580444,19143.96679688,61.56134415,920.29125977,38055.671875,94.03993225,-191.27723694,1400.62145996,87.45830536,-474.51156616,474.77508545,126.0787735,-509.1348877,-2943.04638672,109.63305664,275.67651367,-1600.62158203,64.31768036,437.86090088,2736.02783203,123.63108826,557.36181641,4597.41943359,115.97949219,-321.81085205,-7943.40429688,99.1834259,-607.91992188,-2674.98291016,131.30368042,-678.66387939,-7437.37402344,11.1700448210884,3.23848180246287,5.14338063560048
2.55,72.16719055,385.32516479,-1965.13305664,46.15943527,435.07662964,13550.66113281,73.10546875,1313.79150391,21330.89648438,92.28634644,-168.80867004,539.86499023,83.74879456,-469.87884521,35.78674316,121.56012726,-528.30358887,-1556.12731934,111.66195679,249.8399353,-2231.87475586,68.09104919,448.72036743,1408.30810547,129.98545837,588.0045166,2662.87841797,113.40896606,-422.15133667,-7848.83935547,94.83058929,-625.37780762,-1765.69824219,126.13829803,-704.67218018,-4757.44189453,10.7595131131047,4.39388280632533,6.35402083328388
2.558333,74.7352066,346.19155884,-2852.21923828,50.31167603,511.40322876,7613.8828125,87.40150452,1439.42529297,1640.10253906,90.49539948,-176.72065735,-69.75158691,79.65859985,-469.26031494,-110.04852295,116.96212769,-502.03253174,-402.12738037,113.59315491,221.34033203,-2107.10839844,71.0535965,442.08404541,1607.07519531,135.03144836,621.96051025,1332.87109375,108.42588043,-505.88668823,-6599.36474609,88.95114136,-633.34014893,-930.07873535,120.39847565,-731.6628418,-2796.14624023,10.3674364479996,5.64057824332476,7.24161155370472
2.566667,78.40906525,296.62469482,-3799.15966797,56.42603302,525.75274658,2318.73876953,100.4822464,1223.94702148,-16340.69238281,88.62150574,-198.58032227,-1027.13134766,75.41519165,-471.72235107,-219.15283203,112.84841156,-484.86688232,-33.46160889,115.43299103,194.65538025,-1683.2989502,74.23927307,438.9642334,2208.9230957,140.62068176,626.76037598,-950.39428711,102.89765167,-547.49047852,-3670.91503906,83.76806641,-635.74572754,-151.26403809,114.19422913,-764.89068604,-1315.94726563,9.94470858712786,6.87538263782714,7.18988407894686
2.575,80.50376892,271.99700928,-3567.69628906,60.8032608,514.79180908,-708.89801025,112.52816772,917.41326904,-26729.78125,87.22322845,-201.87812805,-1490.45678711,71.32738495,-477.33508301,-169.78729248,108.75390625,-490.56396484,-291.63360596,116.94351196,194.41650391,-1268.75195313,78.42753601,470.36645508,2313.39941406,145.18901062,615.23712158,-4670.74511719,97.93041229,-563.91577148,-47.12554932,78.03910828,-637.88946533,518.90136719,106.97085571,-776.77685547,251.52038574,9.36757841171344,8.05903198965983,7.98161507184825
2.583333,82.3406601,248.02742004,-2302.453125,64.54733276,484.7230835,-1285.15869141,118.53721619,599.7713623,-23296.20898438,85.80347443,-213.02131653,-1303.22216797,67.65234375,-480.16647339,-79.715271,105.6708374,-518.74963379,-916.25610352,118.26609802,195.30067444,-839.90905762,82.586586,518.90087891,2208.85595703,150.10328674,578.73217773,-7643.84570313,94.04842377,-544.00671387,2625.66381836,73.06225586,-629.09552002,1049.37744141,100.22789764,-763.35394287,2241.60693359,8.6796665396131,8.9568310147885,8.90564182390088
2.591667,83.76889038,223.19732666,-1217.0970459,67.59844208,455.98373413,-372.87994385,116.63679504,376.54312134,-9376.16601563,84.13870239,-226.86660767,-1127.52185059,64.21025848,-480.60610962,78.07861328,101.2852478,-529.66455078,-785.94848633,119.53664398,190.33447266,-715.03356934,86.79418945,546.89538574,1822.35498047,155.48217773,471.96868896,-9493.82421875,90.10077667,-497.26403809,4696.48144531,68.00078583,-618.16583252,1976.06567383,93.73351288,-728.91162109,4340.80078125,7.82737721548767,9.82191650497065,8.42434391458042
2.6,85.84165955,223.43269348,-484.80224609,71.52770996,463.12698364,1128.97070313,120.1764679,322.74420166,4966.04736328,81.75498199,-235.14259338,-361.96228027,59.44893646,-471.78921509,937.47558594,96.10879517,-528.71612549,274.90234375,121.95857239,174.78294373,-1317.06433105,91.744133,533.29779053,428.26263428,160.41157532,356.36642456,-10782.50390625,85.21161652,-444.4942627,6788.48583984,62.74732971,-598.22827148,3967.77929688,88.40344238,-681.7701416,6320.18261719,6.96988170341728,10.2026484018107,7.23567276500973
2.608333,88.00205994,226.71615601,317.43087769,75.63819122,487.50106812,2668.11914063,118.94358826,531.84912109,14303.87207031,79.58071136,-246.96739197,1261.2175293,55.65106583,-473.96887207,2374.71728516,90.64064026,-525.74761963,1489.37866211,123.27254486,166.96731567,-2075.40942383,96.54327393,526.9465332,-1674.47851563,162.66783142,269.35287476,-10067.421875,81.1295166,-397.77496338,8321.9375,57.59883118,-577.75335693,6804.65966797,82.85993958,-626.38885498,8383.22949219,6.08212579272067,10.556867620894,6.18113570053776
2.616667,89.78492737,236.68029785,831.84906006,80.00013733,530.77032471,3702.66821289,127.76556396,841.3137207,16433.70703125,77.41299438,-239.87258911,2689.59692383,51.13277054,-460.17773438,3622.26342773,86.97587585,-504.02328491,2571.12597656,124.85341644,154.15840149,-2370.00341797,101.23594666,522.13757324,-3101.95581055,162.31787109,192.18597412,-7556.04052734,78.36535645,-323.87695313,9205.67578125,52.80505371,-518.06030273,9806.25683594,77.74744415,-554.58178711,10073.41699219,5.11448162099618,10.6085351595832,6.62726061522811
2.625,91.75444031,242.7570343,1020.62634277,84.20243835,563.52636719,4089.77416992,133.38237,1027.15185547,10206.97753906,76.0198288,-195.50971985,3601.17211914,48.45396805,-412.30056763,4691.04833984,83.45593262,-479.47210693,3936.90209961,124.97950745,123.75106812,-2392.41845703,104.23526001,494.78552246,-3844.82128906,162.97094727,128.02841187,-6008.18847656,76.56230927,-225.35850525,9980.6953125,48.52567291,-407.49102783,12632.26464844,72.77448273,-458.76998901,10964.01464844,4.11989694190401,10.940387647411,6.65362478999276
2.633333,93.32366943,251.39686584,1176.42529297,88.78659058,593.22167969,3550.17944336,147.38113403,1044.58300781,-2642.08374023,73.59360504,-140.8782959,4199.36767578,44.11821365,-351.9352417,5922.96191406,79.90063477,-445.51019287,5136.5,126.668396,93.90090942,-2734.82666016,109.04092407,438.3732605,-5434.10693359,165.22720337,104.34524536,-5899.40283203,74.75761414,-130.41374207,10444.64648438,44.88972473,-270.01177979,14715.64355469,69.21484375,-340.050354,11152.77929688,3.17385514637761,11.5013000061453,7.05639593908366
2.641667,95.98223114,260.53857422,954.67163086,94.48299408,625.37664795,2072.37597656,158.14086914,914.85198975,-14649.57226563,72.74765015,-103.25805664,3976.27807617,41.59514236,-300.54705811,6652.49658203,75.56401062,-395.92279053,6278.0234375,127.48127747,76.86302185,-2784.91088867,112.73039246,390.30334473,-7252.54003906,166.89512634,84.83779907,-5685.56542969,73.85919952,-47.0124054,9776.65429688,43.32453156,-132.07588196,14910.31835938,67.01676178,-241.46209717,10268.09667969,2.32829818326043,11.8660060435747,6.17461630346082
2.65,98.11597443,273.20092773,225.23178101,99.60177612,653.77685547,261.25793457,164.4029541,708.64624023,-20639.421875,72.43369293,-84.16816711,2608.25195313,39.31724548,-253.57551575,6839.23779297,71.36169434,-331.95458984,7619.65673828,128.06144714,63.04374695,-2165.17797852,116.45648193,341.42379761,-7675.30517578,167.30714417,24.01199341,-4903.85791016,73.68494415,31.06384277,7865.43017578,43.42858505,-2.34111786,13133.84570313,66.26654053,-163.49517822,7639.20019531,1.49748546118815,11.9725819354675,5.5044210821725
2.658333,100.63292694,283.30236816,-849.83935547,105.48088074,648.32519531,-1984.57580566,167.41159058,452.12051392,-20396.43554688,72.6326828,-63.66004944,997.23803711,38.06173325,-192.9234314,7136.14257813,69.33046722,-270.52581787,7896.89257813,128.02722168,33.89686584,-1339.09191895,117.89244843,253.45016479,-6872.71142578,166.4183197,-54.18319702,-3715.52001953,74.80878448,103.16955566,5061.09521484,44.51031494,108.60561371,10368.26660156,65.79056549,-103.0381012,5384.94042969,0.928685634918027,11.982982858678,4.73107603804119
2.666667,102.64881134,269.18634033,-2128.5871582,110.74679565,613.00323486,-4493.09521484,168.86454773,269.3145752,-16120.24804688,71.97489929,-53.99482727,442.77542114,36.44158936,-131.49090576,7755.92675781,68.28525543,-189.48181152,6585.31445313,128.24490356,19.78858948,-490.61264038,120.05039215,175.36300659,-6063.01611328,165.49324036,-92.71224976,-1795.29309082,76.11371613,146.03363037,1805.64782715,45.69948959,183.08200073,7514.88476563,64.33448792,-74.40601349,3826.91259766,1.46433340658614,12.0877478155912,5.75354535699805
2.675,105.1373291,238.93585205,-3702.96533203,116.31040955,559.97857666,-6373.51855469,170.39358521,163.35754395,-10886.0390625,70.59307861,-67.7243042,959.40472412,35.1416893,-62.12974548,7791.46191406,67.42837524,-113.8999176,5219.40869141,128.52194214,20.71182251,738.29650879,121.27740479,133.39790344,-4459.67578125,164.52838135,-77.29995728,927.57641602,77.67227936,141.49101257,-1672.7532959,47.25154877,220.0894165,4539.75585938,63.76136017,-85.63755035,870.62188721,2.11613645916935,12.0665379616841,6.86897177861324
2.683333,107.48986816,199.07905579,-5034.63818359,120.59111786,490.82733154,-7046.09228516,173.6335907,150.31570435,-7162.95654297,70.29398346,-80.91445923,2120.20410156,34.53159332,6.88659668,6933.25830078,65.68612671,-88.04405212,4007.20263672,128.61795044,39.65255737,2214.92895508,121.7229538,125.85792542,-1443.80200195,163.55322266,-33.56506348,3619.89282227,79.1459198,96.30439758,-4872.32958984,49.53927994,239.05548096,1737.91271973,63.46721649,-41.16786957,-1394.49475098,3.00664237338999,12.1294332445248,8.03969901247121
2.691667,108.81925201,154.24819946,-5476.48486328,124.31838989,422.04177856,-6785.89257813,172.39671326,144.36630249,-5479.68847656,70.1291275,-55.81893921,3474.68457031,35.510952,78.21792603,5850.85400391,65.34445953,-93.96842957,1665.44543457,128.7792511,63.75534058,3096.52368164,122.51942444,111.25610352,1295.18066406,163.59111023,2.17605591,4762.08740234,79.95810699,35.67481995,-6718.76123047,51.98791122,251.58050537,61.19247437,63.20434189,-57.38056183,-165.63397217,3.9143223833053,12.5920484274253,8.14845824245103
2.7,109.70256042,97.17140198,-5273.38427734,127.22834015,364.12460327,-5853.3515625,174.14781189,91.75598145,-6776.47070313,69.32279205,-3.35197449,4223.73486328,36.69477081,113.89720917,4687.25097656,65.27778625,-73.73912811,-446.7678833,129.26074219,96.900177,2979.80737305,123.36306,127.64183044,2552.88378906,164.06755066,43.43688965,4317.0546875,79.79639435,-36.06521606,-6811.88964844,54.02602005,236.43322754,-286.88537598,62.16482162,-126.04530334,1853.15856934,4.67253997864172,13.3542556838776,7.72303454483217
2.708333,110.08391571,46.54258728,-4875.40966797,129.89770508,322.76107788,-4731.81591797,174.80291748,4.35958862,-11476.58203125,68.98943329,64.56031799,4090.67382813,38.3571434,135.64282227,3530.93579102,64.62358856,-63.65512848,-616.43139648,130.41133118,133.85513306,2078.16064453,125.09339905,177.81341553,3230.68383789,165.01799011,92.39151001,2708.45751953,78.90708923,-103.27331543,-5813.40087891,55.96521378,214.3170929,-79.09347534,63.88716888,-128.25897217,3218.25170898,5.49776694323473,13.9919288853708,7.93597938430682
2.716667,110.42766571,13.78456116,-3911.63354492,132.46867371,293.66064453,-3902.00390625,175.96443176,-68.12072754,-16919.19921875,69.28739166,95.86700439,3451.81005859,39.34498978,157.12826538,3180.00219727,63.46749878,-97.19352722,0.71586609,131.77761841,152.02468872,737.47717285,125.88079071,221.96113586,3670.73730469,165.24485779,113.65661621,1231.99279785,77.71387482,-146.74705505,-4224.06640625,57.63456726,210.64990234,524.80053711,58.89618683,-32.52593994,8255.234375,6.51023620900058,14.4004815441593,8.54810774344538
2.725,110.37460327,-11.11305237,-1749.03540039,134.98703003,272.0539856,-3174.39648438,175.27896118,-224.50805664,-20050.19921875,71.47528839,96.4604187,2417.78955078,39.62153244,179.38143921,3663.6237793,63.36530304,-119.8216629,766.3581543,133.46166992,146.04324341,-1220.88220215,128.14923096,241.17202759,2704.31982422,166.50466919,120.19363403,-1594.37683105,76.16534424,-167.89527893,-2396.07666016,58.77441406,233.20117188,1611.85498047,58.5957222,59.46655273,11885.27050781,7.53159850527363,14.915670670157,9.72108044109193
2.733333,110.02375031,-33.81973267,244.91668701,136.98448181,243.31985474,-3641.16577148,171.09359741,-446.55761719,-19825.36328125,73.91980743,100.52192688,1877.40563965,41.69940948,209.72862244,3965.07861328,61.90377045,-101.90979004,3236.03271484,134.85874939,123.71002197,-3303.42675781,130.8631134,259.50506592,927.5769043,168.02328491,71.55181885,-6206.20507813,74.62466431,-176.13761902,-900.09979248,60.83247757,256.73245239,2503.67260742,58.51761627,146.11553955,9678.4140625,8.58493768730953,15.5074117859627,10.3336045816314
2.741667,109.76529694,-27.79258728,-501.09918213,139.12434387,213.88259888,-7738.58398438,168.79304504,-698.70880127,-15894.62695313,73.15205383,123.73001099,2662.41699219,43.61888123,257.20977783,4214.44287109,60.73567581,-60.26233673,6680.27587891,135.54066467,90.92468262,-4712.18847656,133.24282837,268.67828369,-403.54125977,168.84031677,60.19271851,-7607.08984375,73.19358826,-173.21174622,49.0411377,63.04237747,280.5039978,2800.97314453,64.2519455,340.63098145,10684.80078125,9.51081689173851,15.2964098979574,9.49077872334311
2.75,109.17789459,21.32789612,-4518.77246094,140.60641479,189.78912354,-15696.31445313,160.61227417,-830.9375,-6820.60644531,73.2141571,145.24017334,2690.21850586,46.4910202,296.91009521,4651.06884766,59.66152954,6.51283264,8806.04882813,136.07156372,36.57958984,-7076.01904297,135.25045776,252.12814331,-1259.12963867,169.67288208,-74.44244385,-12165.66894531,71.70759583,-169.75349426,486.48834229,66.43161774,302.33001709,2686.27441406,66.82444,334.69598389,5209.61425781,10.543050316154,14.8507037476958,9.09208217850701
2.758333,108.87702179,25.11940002,-10420.29003906,142.00883484,77.08251953,-24776.67382813,152.70343018,-832.42950439,6081.82080078,73.64459229,184.96421814,133.57658386,48.87169647,325.86468506,4927.04443359,60.28972244,113.08193207,9342.6796875,136.25698853,-20.24642944,-8894.86328125,137.20877075,229.01000977,-2229.04345703,166.70941162,-209.0776062,-16724.24804688,70.37886047,-162.28317261,745.61279297,68.56877136,324.15603638,2571.57568359,69.0202713,328.76098633,-265.57226563,11.4511330883384,14.5334140838577,9.16285502905484
2.766667,110.02503204,-105.76637268,-16972.40039063,143.17318726,-203.97232056,-31816.00585938,141.75172424,-718.60198975,19052.76171875,77.45850372,219.1153717,-4295.32421875,51.45717239,363.55450439,5164.83105469,61.88343048,211.78942871,9476.20996094,136.30352783,-83.09417725,-10944.07519531,138.91233826,205.89187622,-3198.95727539,NaN,NaN,NaN,69.09523773,-154.81285095,1004.73724365,NaN,NaN,NaN,NaN,NaN,NaN,11.8933845910814,15.2697328439036,NaN
2.775,111.52454376,-341.28479004,-21342.48632813,143.41848755,-602.64685059,-33020.52734375,137.12138367,-472.76809692,27406.58203125,80.21305847,170.89897156,-8845.08398438,54.49703217,411.60629272,5477.33886719,64.37957001,280.990448,9161.25097656,134.9848938,-232.77984619,-15137.609375,NaN,NaN,NaN,NaN,NaN,NaN,NaN,NaN,NaN,NaN,NaN,NaN,NaN,NaN,NaN,11.8112302084199,16.4242153268977,NaN
2.783333,108.71069336,-594.56994629,-18974.34960938,137.0305481,-975.3326416,-24500.3359375,135.02648926,-166.22848511,29661.421875,82.10995483,40.74737549,-12625.71289063,58.0700531,465.29394531,5143.71630859,67.61461639,328.01702881,8346.265625,133.54795837,-298.18572998,-16294.74707031,NaN,NaN,NaN,NaN,NaN,NaN,NaN,NaN,NaN,NaN,NaN,NaN,NaN,NaN,NaN,NaN,18.2363725536438,NaN
2.791667,100.09092712,-793.57092285,-9307.10644531,124.26049042,-1192.12194824,-6720.13671875,136.18266296,166.13494873,26630.29101563,81.50693512,-132.44163513,-13748.88085938,62.46466827,518.94763184,4097.84912109,70.08546448,401.81921387,8871.54589844,130.28710938,-506.05316162,-20826.83789063,NaN,NaN,NaN,NaN,NaN,NaN,NaN,NaN,NaN,NaN,NaN,NaN,NaN,NaN,NaN,NaN,20.9208510025968,NaN
2.8,89.26821136,-852.94805908,2360.83251953,108.48304749,-1166.83251953,13709.02832031,138.6033783,374.26971436,17659.65625,78.54863739,-262.40148926,-11232.06640625,67.27043152,552.42504883,2920.11621094,73.039505,477.17687988,10885.14746094,123.23812866,-713.92059326,-25358.9296875,NaN,NaN,NaN,NaN,NaN,NaN,NaN,NaN,NaN,NaN,NaN,NaN,NaN,NaN,NaN,NaN,23.0258116101673,NaN
2.808333,80.85148621,-718.50823975,12318.05371094,97.48807526,-885.27368164,29142.00195313,142.19465637,472.02941895,6818.47753906,75.42888641,-350.69299316,-6263.68554688,71.80960083,556.98596191,2062.12866211,76.72525024,558.69421387,11925.36035156,NaN,NaN,NaN,NaN,NaN,NaN,NaN,NaN,NaN,NaN,NaN,NaN,NaN,NaN,NaN,NaN,NaN,NaN,NaN,25.3490629638692,NaN
2.816667,76.4200592,-474.87634277,16772.19726563,92.95483398,-447.08062744,34973.73046875,149.0657959,480.76217651,-5100.16552734,71.66770935,-358.78088379,-1233.83679199,77.13443756,557.65161133,1339.0447998,83.08822632,689.54949951,11600.68359375,NaN,NaN,NaN,NaN,NaN,NaN,NaN,NaN,NaN,NaN,NaN,NaN,NaN,NaN,NaN,NaN,NaN,NaN,NaN,25.9736772949657,NaN
2.825,75.15874481,-287.2845459,13990.47851563,93.57604218,-51.4932251,31870.46679688,152.77020264,321.05895996,-18198.87695313,69.40232849,-333.86499023,2832.87890625,81.12601471,566.14654541,1884.15222168,88.80872345,816.39501953,10972.1796875,NaN,NaN,NaN,NaN,NaN,NaN,NaN,NaN,NaN,NaN,NaN,NaN,NaN,NaN,NaN,NaN,NaN,NaN,NaN,NaN,NaN
2.833333,75.14356232,-145.39039612,11239.6015625,95.93419647,190.50354004,27359.73046875,156.4216156,231.39923096,-23319.00976563,65.96673584,-276.64654541,5829.44482422,85.75312042,593.7444458,3877.11376953,95.97422791,890.89929199,9355.07714844,NaN,NaN,NaN,NaN,NaN,NaN,NaN,NaN,NaN,NaN,NaN,NaN,NaN,NaN,NaN,NaN,NaN,NaN,NaN,NaN,NaN
2.841667,74.13145447,-190.1234436,1898.98583984,99.11786652,251.85333252,15708.35644531,156.52331543,-120.63720703,-33639.328125,64.70560455,-232.59819031,6760.33642578,90.55095673,604.86120605,4447.578125,104.56375885,948.14483643,7342.7265625,NaN,NaN,NaN,NaN,NaN,NaN,NaN,NaN,NaN,NaN,NaN,NaN,NaN,NaN,NaN,NaN,NaN,NaN,NaN,NaN,NaN
2.85,71.25256348,-234.85649109,-7441.62988281,100.64269257,313.203125,4056.98242188,151.18196106,-472.67364502,-43959.6484375,61.84428406,-159.97192383,7844.38916016,95.91074371,677.24169922,6677.9296875,112.64788055,990.31219482,5810.00244141,NaN,NaN,NaN,NaN,NaN,NaN,NaN,NaN,NaN,NaN,NaN,NaN,NaN,NaN,NaN,NaN,NaN,NaN,NaN,NaN,NaN
2.858333,NaN,NaN,NaN,NaN,NaN,NaN,NaN,NaN,NaN,62.14698792,-87.34565735,8928.44140625,102.44438171,749.62219238,8908.28125,121.13020325,1032.47949219,4277.27832031,NaN,NaN,NaN,NaN,NaN,NaN,NaN,NaN,NaN,NaN,NaN,NaN,NaN,NaN,NaN,NaN,NaN,NaN,NaN,NaN,NaN
2.866667,NaN,NaN,NaN,NaN,NaN,NaN,NaN,NaN,NaN,NaN,NaN,NaN,NaN,NaN,NaN,NaN,NaN,NaN,NaN,NaN,NaN,NaN,NaN,NaN,NaN,NaN,NaN,NaN,NaN,NaN,NaN,NaN,NaN,NaN,NaN,NaN,NaN,NaN,NaN
2.875,NaN,NaN,NaN,NaN,NaN,NaN,NaN,NaN,NaN,NaN,NaN,NaN,NaN,NaN,NaN,NaN,NaN,NaN,NaN,NaN,NaN,NaN,NaN,NaN,NaN,NaN,NaN,NaN,NaN,NaN,NaN,NaN,NaN,NaN,NaN,NaN,NaN,NaN,NaN
2.883333,NaN,NaN,NaN,NaN,NaN,NaN,NaN,NaN,NaN,NaN,NaN,NaN,NaN,NaN,NaN,NaN,NaN,NaN,NaN,NaN,NaN,NaN,NaN,NaN,NaN,NaN,NaN,NaN,NaN,NaN,NaN,NaN,NaN,NaN,NaN,NaN,NaN,NaN,NaN
2.891667,NaN,NaN,NaN,NaN,NaN,NaN,NaN,NaN,NaN,NaN,NaN,NaN,NaN,NaN,NaN,NaN,NaN,NaN,NaN,NaN,NaN,NaN,NaN,NaN,NaN,NaN,NaN,NaN,NaN,NaN,NaN,NaN,NaN,NaN,NaN,NaN,NaN,NaN,NaN
2.9,NaN,NaN,NaN,NaN,NaN,NaN,NaN,NaN,NaN,NaN,NaN,NaN,NaN,NaN,NaN,NaN,NaN,NaN,NaN,NaN,NaN,NaN,NaN,NaN,NaN,NaN,NaN,NaN,NaN,NaN,NaN,NaN,NaN,NaN,NaN,NaN,NaN,NaN,NaN
2.908333,NaN,NaN,NaN,NaN,NaN,NaN,NaN,NaN,NaN,NaN,NaN,NaN,NaN,NaN,NaN,NaN,NaN,NaN,NaN,NaN,NaN,NaN,NaN,NaN,NaN,NaN,NaN,NaN,NaN,NaN,NaN,NaN,NaN,NaN,NaN,NaN,NaN,NaN,NaN
2.916667,NaN,NaN,NaN,NaN,NaN,NaN,NaN,NaN,NaN,NaN,NaN,NaN,NaN,NaN,NaN,NaN,NaN,NaN,NaN,NaN,NaN,NaN,NaN,NaN,NaN,NaN,NaN,NaN,NaN,NaN,NaN,NaN,NaN,NaN,NaN,NaN,NaN,NaN,NaN
2.925,NaN,NaN,NaN,NaN,NaN,NaN,NaN,NaN,NaN,NaN,NaN,NaN,NaN,NaN,NaN,NaN,NaN,NaN,NaN,NaN,NaN,NaN,NaN,NaN,NaN,NaN,NaN,NaN,NaN,NaN,NaN,NaN,NaN,NaN,NaN,NaN,NaN,NaN,NaN
2.933333,NaN,NaN,NaN,NaN,NaN,NaN,NaN,NaN,NaN,NaN,NaN,NaN,NaN,NaN,NaN,NaN,NaN,NaN,NaN,NaN,NaN,NaN,NaN,NaN,NaN,NaN,NaN,NaN,NaN,NaN,NaN,NaN,NaN,NaN,NaN,NaN,NaN,NaN,NaN
2.941667,NaN,NaN,NaN,NaN,NaN,NaN,NaN,NaN,NaN,NaN,NaN,NaN,NaN,NaN,NaN,NaN,NaN,NaN,NaN,NaN,NaN,NaN,NaN,NaN,NaN,NaN,NaN,NaN,NaN,NaN,NaN,NaN,NaN,NaN,NaN,NaN,NaN,NaN,NaN
2.95,NaN,NaN,NaN,NaN,NaN,NaN,NaN,NaN,NaN,NaN,NaN,NaN,NaN,NaN,NaN,NaN,NaN,NaN,NaN,NaN,NaN,NaN,NaN,NaN,NaN,NaN,NaN,NaN,NaN,NaN,NaN,NaN,NaN,NaN,NaN,NaN,NaN,NaN,NaN
2.958333,NaN,NaN,NaN,NaN,NaN,NaN,NaN,NaN,NaN,NaN,NaN,NaN,NaN,NaN,NaN,NaN,NaN,NaN,NaN,NaN,NaN,NaN,NaN,NaN,NaN,NaN,NaN,NaN,NaN,NaN,NaN,NaN,NaN,NaN,NaN,NaN,NaN,NaN,NaN
2.966667,NaN,NaN,NaN,NaN,NaN,NaN,NaN,NaN,NaN,NaN,NaN,NaN,NaN,NaN,NaN,NaN,NaN,NaN,NaN,NaN,NaN,NaN,NaN,NaN,NaN,NaN,NaN,NaN,NaN,NaN,NaN,NaN,NaN,NaN,NaN,NaN,NaN,NaN,NaN
2.975,NaN,NaN,NaN,NaN,NaN,NaN,NaN,NaN,NaN,NaN,NaN,NaN,NaN,NaN,NaN,NaN,NaN,NaN,NaN,NaN,NaN,NaN,NaN,NaN,NaN,NaN,NaN,NaN,NaN,NaN,NaN,NaN,NaN,NaN,NaN,NaN,NaN,NaN,NaN
2.983333,NaN,NaN,NaN,NaN,NaN,NaN,NaN,NaN,NaN,NaN,NaN,NaN,NaN,NaN,NaN,NaN,NaN,NaN,NaN,NaN,NaN,NaN,NaN,NaN,NaN,NaN,NaN,NaN,NaN,NaN,NaN,NaN,NaN,NaN,NaN,NaN,NaN,NaN,NaN
2.991667,NaN,NaN,NaN,NaN,NaN,NaN,NaN,NaN,NaN,NaN,NaN,NaN,NaN,NaN,NaN,NaN,NaN,NaN,NaN,NaN,NaN,NaN,NaN,NaN,NaN,NaN,NaN,NaN,NaN,NaN,NaN,NaN,NaN,NaN,NaN,NaN,NaN,NaN,NaN
3,NaN,NaN,NaN,NaN,NaN,NaN,NaN,NaN,NaN,NaN,NaN,NaN,NaN,NaN,NaN,NaN,NaN,NaN,NaN,NaN,NaN,NaN,NaN,NaN,NaN,NaN,NaN,NaN,NaN,NaN,NaN,NaN,NaN,NaN,NaN,NaN,NaN,NaN,NaN
3.008333,NaN,NaN,NaN,NaN,NaN,NaN,NaN,NaN,NaN,NaN,NaN,NaN,NaN,NaN,NaN,NaN,NaN,NaN,NaN,NaN,NaN,NaN,NaN,NaN,NaN,NaN,NaN,NaN,NaN,NaN,NaN,NaN,NaN,NaN,NaN,NaN,NaN,NaN,NaN
3.016667,NaN,NaN,NaN,NaN,NaN,NaN,NaN,NaN,NaN,NaN,NaN,NaN,NaN,NaN,NaN,NaN,NaN,NaN,NaN,NaN,NaN,NaN,NaN,NaN,NaN,NaN,NaN,NaN,NaN,NaN,NaN,NaN,NaN,NaN,NaN,NaN,NaN,NaN,NaN
3.025,NaN,NaN,NaN,NaN,NaN,NaN,NaN,NaN,NaN,NaN,NaN,NaN,NaN,NaN,NaN,NaN,NaN,NaN,NaN,NaN,NaN,NaN,NaN,NaN,NaN,NaN,NaN,NaN,NaN,NaN,NaN,NaN,NaN,NaN,NaN,NaN,NaN,NaN,NaN
3.033333,NaN,NaN,NaN,NaN,NaN,NaN,NaN,NaN,NaN,NaN,NaN,NaN,NaN,NaN,NaN,NaN,NaN,NaN,NaN,NaN,NaN,NaN,NaN,NaN,NaN,NaN,NaN,NaN,NaN,NaN,NaN,NaN,NaN,NaN,NaN,NaN,NaN,NaN,NaN
3.041667,NaN,NaN,NaN,NaN,NaN,NaN,NaN,NaN,NaN,NaN,NaN,NaN,NaN,NaN,NaN,NaN,NaN,NaN,NaN,NaN,NaN,NaN,NaN,NaN,NaN,NaN,NaN,NaN,NaN,NaN,NaN,NaN,NaN,NaN,NaN,NaN,NaN,NaN,NaN
3.05,NaN,NaN,NaN,NaN,NaN,NaN,NaN,NaN,NaN,NaN,NaN,NaN,NaN,NaN,NaN,NaN,NaN,NaN,NaN,NaN,NaN,NaN,NaN,NaN,NaN,NaN,NaN,NaN,NaN,NaN,NaN,NaN,NaN,NaN,NaN,NaN,NaN,NaN,NaN
3.058333,NaN,NaN,NaN,NaN,NaN,NaN,NaN,NaN,NaN,NaN,NaN,NaN,NaN,NaN,NaN,NaN,NaN,NaN,NaN,NaN,NaN,NaN,NaN,NaN,NaN,NaN,NaN,NaN,NaN,NaN,NaN,NaN,NaN,NaN,NaN,NaN,NaN,NaN,NaN
